学校,姓名,信息,相关文本
东华大学,陈振中,https://meccol.dhu.edu.cn/2017/0410/c9146a177364/page.htm,"陈振中
发布者：邓士豪发布时间：2017-04-10浏览次数：11498
姓名：陈振中
性别：男
职称：副研究员
职务：硕士生导师
最高学位：工学博士

受教育与工作经历：
2005年-2009年，就读于河南科技大学，机电工程学院，机械设计制造与自动化专业，工学学士；
2009年-2013年，就读于华中科技大学，机械科学与工程学院，机械制造与自动化，工学博士；
2013年-2016年，工作于上海无线电设备研究所，先后任工程师、高级工程师、专业副主任师；
2017年-今，工作于东华大学，机械学院，副研究员、硕士生导师。

研究方向：
1、面向复合材料结构（汽车、风电、航空航天等）的轻量化设计、可靠性设计、优化设计
2、基于机器学习与代理模型的可靠性分析、评估及优化理论研究
3、基于机器人、视觉、智能控制的高端装备机电一体化技术

社会兼职：
1、中国机械工程学会机械设计分会青年委员
2、《机械设计》杂志 青年编委
3、上海市科技专家库入库专家
4、全国研究生教育评估监测专家库专家
5、SMO、CMAME、AST、EO、AMM、JED等国际杂志审稿人
6、国家自然科学基金同行评议评阅人
7、上海航天局科技项目评审专家
8、中国机械工程学会 高级会员
9、中国纺织工程学会 高级会员

主持的科研项目：
1、国家自然科学基金委员会，面上项目，52375236，基于超球面降维积分及抛物面近似的复杂产品可靠性评估理论研究，2024/01 - 2027/12，50万，在研，主持
2、国家自然科学基金委员会，青年基金，51405302，面向复杂产品制造公差的并行可靠性设计优化研究，2015/01 - 2017/12，24万，结题，主持
2、上海市自然科学基金委员会，面上项目，19ZR1401600，非线性可靠性问题的高精度解析分析及耦合优化方法研究，2019-07至2022-06，20万元，结题，主持
3、中国博士后科学基金会，面上一等资助，2018M630383，面向高速转杯纺机随机不确定性的可靠性设计优化研究, 2018-01 至 2019-12, 8万元, 结题, 主持
4、中央高校专项资金项目，面向机械产品服役特性的可靠性设计优化方法研究，2018/01 - 2020/12，15万，结题，主持
5、企业横向项目，针对汽车平衡拉杆球头加工的机器人自动化生产线，2019/12 "
中国机械工程学会机械设计分会,丁昕祯,https://www.cmes.org/notice/56531bb75503448a9d2043d3f30711c5.html,"丁昕祯
冯春生
      出版主席
于靖军 北京航空航天大学
  五、征稿范围
请于电脑端打开网站投稿
https://meeting.cmes.org/center/show?sid=841&mid=210#!c/centerPapers/a/plist
1.产品创新设计（牵头人：顾佩华、童水光、李文强）
TRIZ设计；公理设计；概念设计；人机认知交互设计；设计思维与设计行为; 产品全生命周期设计工程……
2.多学科仿真与优化设计（牵头人：高亮、刘杰、宋学官、李宝童）
参数反求与高精度仿真；近似和代理模型；多目标优化；众目标优化；不确定性优化；多学科优化；多学科仿真；拓扑优化……
3.可靠性与保质设计（牵头人：韩旭、黄洪钟、姜潮、胡伟飞）
不确定性度量；不确定性传播；结构可靠性评估；可靠性灵敏度分析；可靠性设计优化；稳健优化；失效物理分析；基于可靠性的多学科设计；系统可靠性分析；模型验证与确认；故障诊断与预测；预测性维护；系统维护决策……
4.数字化智能化设计（牵头人：洪军、刘志峰、刘振宇、何斌）
数字孪生；数字化设计；连接与装配设计；网络化协同化设计；绿色低碳设计；人因工程与环境融合设计……
5.机构学与机器人设计（牵头人：高峰、刘辛军、高海波）
机构动力学；并联机构学；机构拓扑学；仿生机构；柔性机构学；变胞机构；人机协作共融机器人；智能感知；机器人结构优化；多机器人协同；机器人自主导航；特种机器人设计……
6.工业软件与重大装备集成设计（牵头人：王从思、王延辉、李连升）
设计工具与软件；重大装备高性能设计；机电耦合设计；机械系统集成设计；重大装备集成应用；微纳设计；仿生设计……
本次会议面向全球征稿，语言为中文或英文，请按照类别投稿，择优录取。
英文稿件将全部以会议论文集（EI会议论文，前三届已经全部EI收录）形式结集出版。
中文稿件将以会议论文集形式出版在《机械设计（增刊）》，优秀稿件可推荐至《机械工程学报（中文版）》（专栏或者专刊）、《机械设计》、《工程设计学报》正刊发表。
全文或摘要提交：2023年7月9日延期至2023年7月31日
会议录用通知：2023年08月20日
修改稿返回：2023年09月15日
  五、会议联系人
丁昕祯（中国机械工程学会机械设计分会）
Tel：13810446640
E-mail：sheji@cmes.org
刘宇（电子科"
国防科技大学,都柄晓,https://www.cmes.org/notice/33b5f8b6714240bdab5b565e58cd1c3e.html,"都柄晓（国防科技大学）、高经纬（国防科技大学）、胡杰翔（华中科技大学）、胡伟飞（浙江大学）、李宝童（西安交通大学）、林起崟（西安交通大学）、刘杰（湖南大学）、刘宇（电子科技大学）、刘钊（上海交通大学）、刘鑫（长沙理工大学）、龙湘云（湖南大学）、孟亮（西北工业大学）、倪冰雨（湖南大学）、史人赫（北京理工大学）、宋学官（大连理工大学）、童哲铭（浙江大学）、王志祥（国防科技大学）、王泽群（电子科技大学）、汪忠来（电子科技大学）、武泽平（国防科技大学）、夏翌彰（湘潭大学）、肖钊（湖南科技大学）、熊芬芬（北京理工大学）、闫柯（西安交通大学）、张德权（河北工业大学）、张树新（西安电子科技大学）、周长聪（西北工业大学）、周奇（华中科技大学）
  二、会议报告征集
1.会议将分大会特邀报告、分会场邀请报告、分会场报告。
2.报告征集截止日期：请于2024年4月1日前完成会议注册后以长摘要的形式投稿至系统，会议组委会将根据投稿长摘要情况筛选会议报告。
三、会议主题
1.机械设计基础理论及方法
2.机械设计关键技术及工业软件
3.复杂装备集成设计及应用
四、会议时间及地点
时间：2024年4月12-14日
地点：韶山德盛宾馆
五、会议注册
类别
注册费
3月20日前
3月20日后
非学生
1200
1500
非学生（会员）
1100
1400
学生
1000
1200
学生（会员）
900
1100
本次会议注册费统一由中国机械工程学会收取并开具发票。
会议期间食宿统一安排，费用自理。住宿费由酒店收取并开具发票。
本次会议采用在线注册方式：https://meeting.cmes.org/?sid=1089&mid=272&v=100
会议注册二维码      会员注册二维码
六、会议酒店
会议住宿：推荐入住韶山德盛宾馆（湖南省韶山市车站路1号）。请参会代表直接联系酒店经理邓欢（13875283167）按协议价预定。
会议协议价格（含早）
房型
贵宾楼
迎宾楼
价格（元/间）
348
318
  七、会务组联系方式
武泽平，13874886964
国防科技大学，zeping123@nudt.edu.cn
高经纬，13308492095
国防科技大学，mmjingwei@163.com
肖   钊，15116263598
湖南科技大学，xnxzh501@hnust.edu.cn
夏翌彰，"
国防科技大学,高经纬,https://www.nudt.edu.cn/zjkd/kdgs/0ab0c3c0264f4d58bb1f415d20a1c49a.htm,"高经纬老师，高老师说：“遇到问题先从最基本的地方开始查验，看看实验仪器、实验参数配置等是否正确。”果然，经过认真检查之后，我找到了原因——六分力传感器上的XY轴方向放反了。一切又绕回原点，我需要将砂样烘干重新开展实验。
做完实验、处理好数据后，我正式撰写论文。“谁的电脑都会有生气的时候”，这句话果然应验了。第一次系统地编写复杂程序，我完全没有养成及时保存程序的习惯，在边查边写忙碌了一天准备收工的时候，电脑突然死机，这让我十分崩溃。尝试各种方法都无法解决之后，我极其郁闷地接受这个现实，并暗暗告诫自己以后一定要及时保存，这天的一切工作都归零了。
数据画图用Excel，公式编辑用Word自带的编辑器，绝大多数同学在本科期间都有这样的学习习惯，我也不例外。论文初稿完成，我信心满满地拿给高老师看，“你这图是用Excel画的吧，不美观。”高老师检查了一遍之后对我说，“还有这公式，用自带的编辑器你看在我电脑上是不是格式变化了……”面对十几张数据图和几十个公式，我在心中无奈地喊道：“又要重来了。”
现在回想起来，在做毕业设计的过程中出现了很多失误和小插曲，也产生了很多“早知道……”的感慨，总算是功夫不负有心人，连续数天的加班修改之后，答辩时我得到了老师们的一致肯定，论文成绩达到良好标准，虽然结果并不那么完美，但我收获了很多宝贵经验。
军职在线 学术期刊 微信公众号
Copyright © 国防科技大学IPv6
备案号：京ICP备19038296号
学校总机：0731-84576114 主页管理维护：0731-87027186"
华中科技大学,胡杰翔,https://www.scholarmate.com/P/X3y77k?,"胡杰翔
科研之友号:
11260874
华中科技大学, 博士后
主页
成果
https://www.scholarmate.com/P/X3y77k
share
0
项目
35
成果
490
阅读
2
下载
247
被引
9
H-指数
工作经历
华中科技大学
航空航天学院, 博士后
联系信息
email
相关人员
查看更多
周奇
华中科技大学, 副教授
邵新宇
华中科技大学, 教授
曹龙超
华中科技大学, 博士后
蒋平
华中科技大学, 副教授
杨扬
华中农业大学, 副教授

关注科研之友
关于我们| 隐私政策| 服务条款| 联系我们
©2023 深圳市科研之友网络服务有限公司 粤B2-20110417 粤公网安备 44030502000213粤ICP备16046710号
爱瑞思软件(深圳)有限公司"
浙江大学,胡伟飞,https://person.zju.edu.cn/weifei,"胡伟飞 博士
百人计划研究员 | 博士生导师
单位
机械工程学院
邮箱 weifeihu@zju.edu.cn
地址 浙江大学机械工程学院
研究方向
· 数字孪生
· 人工智能
· 不确定性优化设计
· 风能
个人简介
教学与思政
课题组成员
研究项目介绍与成果科普展示
科研动态
发表论文
出版著作
专利、软著、标准
Copyright © 2007-2030浙江大学信息化建设领导小组办公室 咨询电话：0571-87951669  E-mail：xwmaster@zju.edu.cn 平台统计 "
西安交通大学,李宝童,https://www.xjtu.edu.cn/jsnr.jsp?urltype=tree.TreeTempUrl&wbtreeid=1632&wbwbxjtuteacherid=1933,"李宝童  
研究领域（方向）
结构仿生学与拓扑优化设计。
个人及工作简历
李宝童，副教授、博士生导师。国家优秀青年科学基金获得者，设计科学与基础部件研究所副所长。先后获得中国机械工程学会“上银优秀机械博士论文奖”银奖；教育部霍英东高等院校青年教师基金；陕西高等学校科学技术一等奖。主持国家自然科学基金2项，军委装备发展部十三五预研课题1项，国家重大科技专项子课题1项。发表学术论文32篇（SCI收录30篇），授权国家发明专利12项，软件著作权4项。自2017年起担任中国机械工程学会成组与智能集成技术分会副秘书长，先后受邀参与本领域“中国大百科全书《机械工程卷》”、“智能制造装备产业培育与发展研究报告”、“未来十年中国学科发展战略报告”等文献编写工作。
科研项目
1. 国家自然科学基金（面上项目），51775414，基于生物分枝网对称与对称性破缺作用机理的仿生拓扑优化方法研究，2018/01-2021/12，60万元，在研，主持
2. 国家自然科学基金（青年项目），51405377，基于自然分叉结构载荷传递路径构筑机制的生长式拓扑优化方法研究，2015/01-2017/12，28万元，已结题，主持
3. 霍英东教育基金会高等院校青年教师基金，161047，基于植物维管束形态构筑机理的超高热流密度均热板仿生拓扑优化设计，2018/03-2021/03，18万元，在研，主持
4. 高档数控机床与基础制造装备科技重大专项，2017ZX04012001，用于航空航天制造的数控机床铸焊结构床身设计制造关键技术研究与应用（机科总院牵头），子课题：焊接结构床身性能分析与加强筋优化设计研究，2017/01-2019/12，106万，在研，主持
5. 中央军委装备发展部“十三五”装备预研共性技术项目，41423010401，智能装配工艺技术，2017/12-2020/12，200万，在研，课题组副组长。
学术及科研成果、专利、论文
1.    B.T. Li, H.L. Liu, S. Zheng. Multidisciplinary topology optimization for reduction of sloshing in aircraft fuel tanks based on SPH simulation. Structural and Multidisciplinary "
西安交通大学,林起崟,https://www.xjtu.edu.cn/jsnr.jsp?urltype=tree.TreeTempUrl&wbtreeid=1632&wbwbxjtuteacherid=2232,"林起崟  
研究领域（方向）
高性能装配保障理论与技术（装配界面设计、装配工艺优化等）；
机械功能结构的智能设计与制造方法；
拓扑优化设计理论与方法（面向轻量化、力/热/电性能等）。
个人及工作简历
林起崟，博士，国家优青，西安交通大学机械工程学院教授，博士生导师。于2014年取得西安交通大学博士学位，2009年取得哈尔滨工业大学学士学位。曾获陕西省自然科学一等奖，中国机械工业科学技术奖特等奖、一等奖，陕西高等学校科学技术奖特等奖、一等奖等。担任中国自动化学会制造技术专业委员会常务委员兼副秘书长，中国机械工程学会机械工业自动化分会常务委员，中国机械工程学会成组与智能集成技术分会常务委员，中国图学学会智能工程专业委员会常务委员等。
科研项目
主持国家自然科学基金优秀青年科学基金、国家重点研发计划青年科学家项目，国家自然科学基金面上项目、青年基金，中央军委装备发展部国防基础预研基金项目等多项国家级项目。
学术及科研成果、专利、论文
人才称号：
国家自然科学基金优秀青年科学基金获得者
科研获奖：
[1] 陕西省自然科学奖一等奖，装配界面与连接性能的主动设计理论与方法，2022（排名2/4）
[2] 中国机械工业科学技术奖一等奖，精密机械系统装配质量保障技术与工程应用，2023（排名4/15）
[3] 陕西高等学校科学技术奖特等奖，面向连接性能强化的装配界面主动设计理论与方法，2022（排名1/5，第一完成人）
[4] 中国机械工业科学技术奖特等奖，精密卧式加工中心关键技术研究及重点领域应用，2018（排名6/25，本校第一完成人）
[5] 陕西高等学校科学技术奖一等奖，机械表面的润滑增效设计理论与方法，2018（排名7/8）
代表性论著：
[1] Method for directly and instantaneously predicting conductive heat transfer topologies by using supervised deep learning. International Communications in Heat and Mass Transfer, 2019, 109: 104368
[2] Investigation into the topology optimization for conductive heat tr"
湖南大学,刘杰,http://eeit.hnu.edu.cn/info/1407/4628.htm,"刘杰
本页面已停止更新，请访问新主页：https://grzy.hnu.edu.cn/site/index/liujie4 

一、基本情况
刘杰，男，汉族，1984年出生于湖南浏阳。现任湖南大学电气学院教授、博导、电子科学与技术系主任。主要从事人工智能技术、新型类脑芯片、非易失性半导体器件等国际前沿领域的相关研究。已在国际高水平期刊和会议上发表学术论文50多篇；申报美国专利和PCT国际专利10多项（已授权的第一发明人美国专利6项）、第一发明人中国发明专利10多项。本团队招生名额充足、在研项目经费充裕，欢迎具有数学、电子、计算机、物理、电气等学科背景的学生报考博士、硕士研究生。联系方式：jie_liu@hnu.edu.cn

二、教育经历
2009-2013，美国华盛顿大学（Univ. of Washington）电子工程系，博士学位（Ph.D., Electrical Engr, 主修学位）
2009-2011，美国华盛顿大学（Univ. of Washington）应用数学系，理学硕士学位（M.S., Applied Math, 双学位）
2006-2009，清华大学，电机工程与应用电子技术系，电气工程及其自动化专业，工学硕士学位
2002-2006，华中科技大学，电气与电子工程学院，电气工程及其自动化专业，工学学士学位（主修学位）
2002-2006，华中科技大学，计算机科学与技术学院，计算机科学与技术专业，工学学士学位（双学位）

三、工作经历
2017年10月至今，湖南大学，电气与信息工程学院，教授、博导、电子系主任
2013-2017，美国新思科技公司（NASDAQ：SNPS）硅谷总部，高级研发工程师（Senior R&D Engineer）
2011年6-9月，美国美光科技公司（NASDAQ：MU）Boise总部，实习工程师（Ph.D. Intern Engineer）
2009-2013，美国华盛顿大学（Univ. of Washington）电子工程系，助研（RA）、助教（TA）
2006-2009，清华大学电机系助研、物理系普通物理实验室助教

四、研究方向
基于人工智能、非冯诺依曼架构芯片的高性能科学计算
基于人工智能、高速应用数学算法的智能图像处理技术

五、科研项目
2019-2023，国家海外高层次人才青年项目，中组部，200万人民币，主"
电子科技大学,刘宇,https://faculty.uestc.edu.cn/yuliu,"刘宇 (教授)
1146
教授 博士生导师
曾获荣誉：2011年至今
国际工程资产管理学会(ISEAM) Fellow
IISE QCRE Teaching Award
四川省学术和技术带头人
国家优秀青年科学基金
邓稼先青年科技奖
中国运筹学会青年科技奖
四川省青年科技奖
入选Elsevier中国高被引学者榜单
入选全球前2%顶尖科学家终身榜单
入选首批四川省""天府WR计划""科技菁英人才
入选四川省杰出青年科学基金计划
四川省优秀博士学位论文
首届“上银优秀机械博士论文奖”
性别：男
毕业院校：电子科技大学
学历：博士研究生毕业
学位：工学博士学位
在职信息：在岗
所在单位：机械与电气工程学院
职务：院长
学科：工学
办公地点：清水河校区创新中心D212
联系方式：028-61830246
电子邮箱：yuliu@uestc.edu.cn
访问量：0000094269
最后更新时间：2024.4.12
同专业博导
    Homepage
Teaching
Publications
其他栏目
个人简介
2004年毕业于电子科技大学机械电子工程学院，获机械设计制造及其自动化专业学士学位，同年获生物医学工程双学士学位；2004~2006年进入电子科技大学机械电子工程专业硕士研究生阶段学习；2006-2010年进入电子科技大学机械电子工程专业博士研究生阶段学习；于2008年10月-2010年10月，在美国西北大学(Northwestern University)机械工程系开展为期两年的学习与研究工作。2010年12月获电子科技大学工学博士学位，并于2011年01月成为电子科技大学机械电子工程学院教师，在系统可靠性与安全性研究中心工作。2012年07月-2013年03月在加拿大阿尔伯塔大学(University of Alberta)可靠性实验室开展博士后(Postdoctoral Research Fellow)研究工作；2014年11月-2015年01月在香港城市大学系统工程及工程管理学系任研究员(Research Fellow)开展合作研究。2011年07月破格晋升为副教授；2012年12月被遴选为博士研究生导师；2014年06月被特聘为研究员；2015年07月破格晋升为教授。
科学研究：主要研究方向有：复杂系统可靠性建模和评估、系统维护决策建模与优化、基础设施韧性优"
上海交通大学,刘钊,https://faculty.sjtu.edu.cn/liuzhao1,"刘钊
副教授
所在单位：设计学院
学科：设计学
职称：副教授
电子邮箱：hotlz@sjtu.edu.cn
查看更多>
团队成员
研究领域
/
教育经历
/
工作经历
/
个人简介
[1]  智能交互设计
[2]  数字化设计
社会兼职
MORE+
暂无内容
科研项目
MORE+
  [1] 基于工程数据的智能专家算法开发及应用2023/10/01-2024/12/01
  [2] 考虑多维相关性的胶铆连接结构高维时变可靠性分析与优化设计方法研究2024/01/01-2027/12/01
  [3] 面向精神分裂症患者的数字化康复模式研究2023/03/01-2024/02/01
  [4] 基于python及参数化模型数据库的CAE模型自动化生成2023/11/01-2024/06/01
论文成果
MORE+
  [1] Automatic identification framework of the geometric parameters on self-piercing riveting cross-section using deep learning, Journal of Manufactu  2022/11/01
  [2] Multiscale modeling based failure criterion of injection molded SFRP composites considering skin-core-skin layered microstructure and variable parameters, COMPOSITE STRUCTURES  2022/04/01
  [3] A data-driven self-adaptive parameter tuning framework for composite automobile part optimization design, PROCEEDINGS OF THE I  2022/10/01
  [4] Generalized de-homogenization via sawtooth-function-based mapping and its demonstration on data-driven frequency response optimizat"
长沙理工大学,刘鑫,https://www.csust.edu.cn/qjxy/info/1412/12095.htm,"刘鑫
作者：　来源： 　日期：2022年03月01日 10:53　人气：3972
长沙理工大学汽车与机械工程学院研究生导师基本信息表
1、个人基本信息：
姓    名：刘鑫
性    别：男
  出生年月：1981年2月
技术职称：教授
毕业院校：湖南大学
学历（学位）：博士
所在学科：
机械工程
车辆工程
研究方向：
1、 人工智能技术（机器人方向）
2、 高端装备智能可靠性优化设计
3、 机械系统不确定性优化设计
4、 新能源汽车结构可靠性设计
5、  工程机械数字孪生技术
2、教育背景：
1999.9-2003.6  
湖南理工学院
学士
2004.9-2010.6    
湖南大学
硕博连读/博士
3、 个人简介：
刘鑫，男，汉族，1981年出生，博士学位，教授，湖南省杰出青年基金获得者，中国机械工程学会机械设计分会青年委员，湖南省机械工程学会理事，长沙理工大学首批“湖湘学者”。2004年于湖南大学机械与运载工程学院攻读机械电子工程专业硕士学位，并于2006年提前攻读机械工程博士学位，主要从事复杂装备结构智能可靠性技术方面的研究，2019年入选长沙理工大学首批“湖湘学者”。目前，作为第一完成人获得湖南省自然科学奖一项，并先后主持了湖南省杰出青年基金、国家自然科学基金面上项目、国家自然科学基金青年项目、教育部高等学校博士学科点专项科研基金、湖南省自然科学基金、湖南省教育厅“优秀青年”科学研究项目等20余项国家和省部级多项研究课题；发表学术论文70余篇，其中SCI/EI收录近50余篇，他引总次数近500余次，获得国家专利30余项和软件著作权6项，研究成果获得国内外同行的广泛引用和高度评价。目前担任国家自然科学基金通讯评审专家，湖南省科技厅专家库成员以及多家SCI国际杂志审稿专家。
4、已完成或已在承担的主要课题：（限5项）
1. 湖南省杰出青年基金，2021JJ10040，复杂装备结构可靠性设计理论与方法，2021/01-2023/12，主持。
2. 国家自然科学基金面上项目，52275235，基于多源不确定性的复杂装备结构动态可靠性分析与优化设计，2023/01-2026/12，主持。
3. 国家自然科学基金面上项目，51775057，基于非精确概率模型的复杂装备结构不确定性分析与可靠性优化设计，2018/01-2021/12，主持。
4. 国家自然科学基金青"
湖南大学,龙湘云,http://mve.hnu.edu.cn/info/1099/2257.htm,"龙湘云
张　哲
李明全
贺哲龙
机械制造工程系
王伏林
韦海英
尹韶辉
邓乾旺
冯　凯
朱克忆
任莹晖
刘　坚
刘继常
李　伟
李茂君
李荣启
李　娟
李落星
李文俊
杨旭静
杨　军
何世慧
宋立军
张　屹
张冠华
张　凯
陈根余
陈逢军
陈艺勤
陈　鼎
余剑武
范　叶
金湘中
金　滩
周惦武
胡仲勋
胡跃强
钟　波
段辉高
夏百战
郭　力
黄　帅
黄向明
龚志辉
崔俊佳
梁　军
彭杰宏
鄢　锉
熊万里
韩晓筱
陈　聪
何　洪
尹　辉
朱   伟
安晨辉
冯   波
蒋   浩
雷雨超
力学与航空航天系
王晓钢
韦　凯
毛贻齐
方棋洪
冯　慧
任毅如
刘文洋
刘伟纲
刘腾喜
刘　播
李　甲
杨　刚
邹伟生
张见明
张思进
张海成
周加喜
周　慧
林　森
胡　绚
胡徐趣
侯淑娟
侯鹏飞
赵　岩
符文彬
彭　凡
蔡清裕
戴宏亮
彭神佑
何　巍
范智超
施方成
王　凯
机电工程系
王文格
王　刚
王珂娜
刘　侃
杨　宇
邹宪军
张飞铁
张　军
邵海东
陈逢军
陈　静
陈　宁
钟　翔
黄　晶
彭晓燕
程军圣
谭　勇
颜运昌
李　柏
丁荣军
胡　伟
张坦探
严　珂
车辆工程系
丁　飞
干年妃
王　琥
王晓伟
王田天
尹汉锋
白中浩
成艾国
刘迪辉
李　凡
李光耀
李伟平
杨　易
杨沿平
肖　志
何莉萍
何智成
宋　凯
宋晓琳
张冠军
张维刚
陈　涛
周　兵
周　维
郑　刚
胡朝辉
钟志华
莫旭辉
徐　彪
秦晓辉
秦兆博
聂　昕
黄　智
黄沛丰
曹立波
崔向阳
彭伟光
蒋彬辉
谢小平
谢　晖
谢国涛
雷　飞
蔡　勇
薛殿伦
陈　锋
徐世伟
颜凌波
孙光永
边有钢
李顺峰
能源与动力工程系
马寅杰
王兆龙
邓元望
甘　昊
付建勤
朱　浩
任承钦
刘　云
刘敬平
杨小龙
张全长
张　峰
陈　征
陈敬炜
罗宝军
周菊光
鄂加强
谭理刚
廖高良
冷尔唯
秦光照
袁　硕
郑　雄
杨高强
国家高效磨削工程技术中心
尹韶辉
龙小兵
吴　耀
余剑武
陈逢军
尚振涛
金　滩
胡思节
谢桂芝
熊万里
先进前沿交叉学科研究所
蔡立军
李　东
陈舒拉
田万一
邓辉球
胡望宇
吴占涛
  上一篇：教师简介
湖南大学机械与运载工程学院版权所有 ©2018
通讯地址：湖南长沙岳麓山   邮编：410082   行政办：0731-88822825  教学办：0731-88822826  学工办：0731-88"
西北工业大学,孟亮,https://teacher.nwpu.edu.cn/m/2018010037.html,
湖南大学,倪冰雨,http://postdoctor.hnu.edu.cn/info/1004/2281.htm,"倪冰雨等17人入选湖南大学杰出博士后，现予公示。
序号
学院
姓名
1
机械与运载工程学院
倪冰雨
2
机械与运载工程学院
刘  琦
3
电气与信息工程学院
伍文华
4
电气与信息工程学院
刘  柱
5
电气与信息工程学院
江一鸣
6
土木工程学院
Sarra Drissi
7
信息科学与工程学院
陈建国
8
信息科学与工程学院
段明星
9
材料科学与工程学院
郑玮豪
10
化学化工学院
任天兵
11
化学化工学院
熊梦仪
12
化学化工学院
彭瑞资
13
物理与微电子科学学院
夏圣轩
14
岳麓书院
罗先海
15
经济与贸易学院
阙  薇
16
工商管理学院
罗兰兰
17
设计艺术学院
马超民
公示时间截止到2020年1月6日。
公示期间，如有异议，请以书面形式向人力资源处反映。
联系人：徐慧 张思聪 联系电话：0731-88822723
Email:boshihou@hnu.edu.cn

上一篇：湖南大学2021年度博士后科学基金及国（境）外交流项目申报通知
下一篇：关于开展2020年博士后论坛及杰出博士后评选工作的通知

博士后管理办公室
联系人：张思聪  徐莆苒 联系电话：0731-88822723
地址：湖南大学校办公楼208室    邮编：410082
E-Mail：boshihou@hnu.edu.cn
湖南大学
湖南大学人力资源处
中国博士后
Copyright © 2005-2014 湖南大学博士后网站  ALL Rights Reserved"
北京理工大学,史人赫,https://sae.bit.edu.cn/szdw20/szml/fxqgcx20/fgjzcapypx/0ae470c0d04a432186e9e88caf9d073e.htm,"史人赫
所在学科：航空宇航科学与技术
联系电话：010-68913290
通讯地址：中关村南大街5号
职 称：特别研究员（预聘副教授）
邮 箱：shirenhe@bit.edu.cn
邮 编：100081
教育经历
2013年9月-2019年3月，在北京理工大学获得航空宇航科学与技术专业博士学位
2017年9月-2018年9月，加拿大西蒙菲沙大学机电工程学院CSC博士联合培养
2013年3月-2013年6月，俄罗斯萨马拉国立航空航天大学访学
2009年9月-2013年6月，在北京理工大学获得飞行器设计与工程专业学士学位
工作经历
2021年4月至今，北京理工大学宇航学院飞行器工程系，特别研究员（预聘副教授）
2019年3月-2021年3月，清华大学航天航空学院航空系 博士后，合作导师：宝音贺西
主要研究领域
1、飞行器总体设计
2、飞行器多学科设计优化理论及应用
3、数据驱动的复杂系统智能优化方法
获奖情况
社会兼职
1、《战术导弹技术》青年编委
2、《无人系统技术》青年编委
3、《Engineering Optimization》《机械工程学报》等期刊审稿人
近年来主要发表论文
[1] Renhe Shi, Li Liu, Teng Long(*), Yufei Wu, Yifan Tang. Filter-based Adaptive Kriging Method for Black-box Optimization Problems with Expensive Objective and Constraints[J]. Computer Methods in Applied Mechanics and Engineering, 2019, 347: 782-805.
[2] Renhe Shi, Li Liu, Teng Long(*), Yufei Wu, Yifan Tang. Filter-based Sequential Radial Basis Function Method for Spacecraft Multidisciplinary Design Optimization[J]. AIAA Journal, 2018, 57(3): 1019-1031.
[3] Renhe Shi, Li Liu, Teng Long(*), Jian L"
大连理工大学,宋学官,http://faculty.dlut.edu.cn/sxg/zh_CN/index.htm,"宋学官
1397
个人信息
Personal Information
教授
博士生导师
硕士生导师
性别：男
毕业院校：东亚大学
学位：博士
所在单位：机械工程学院
学科：机械设计及理论
办公地点：大方楼8021#
电子邮箱：sxg@dlut.edu.cn
扫描关注
同专业博导
同专业硕导
个人学术主页
个人简介
Personal Profile
       宋学官，教授、博导、国家高层次人才计划专家、高性能精密制造全国重点实验室副主任。长期从事多学科耦合建模与优化设计、工业大数据技术与工业软件开发、装备数字孪生和智能化、高性能工业阀门等方面的研究，主持开发了数据驱动的云端优化设计软件DADOS（www.dados.com.cn）。
       截至目前，在机械工程学报、ASME JMD、ASME PVT、SMO、KBS、AIC、MSSP、IEEE EC、CMAME等领域著名期刊发表论文200余篇，其中第一/通讯作者SCI论文100余篇，ESI高被引论文2篇，期刊封面论文3篇，IF≥8论文30余篇，IF≥10论文12篇，出版著作3部，英文书籍章节2章，参编基金委《机械工程学科发展战略报告(2021~2035)》。论文总引用4800余次，H指数为36，入选2022年度全球前2%顶尖科学家榜单。先后获得2009年国家优秀留学生奖、2020年机械工业联合会科技进步特等奖、2020年和2021年山西省科技进步二等奖（2项）、2021年国机集团科学技术二等奖、2021年日内瓦国际发明展金奖、2022年辽宁省科技进步一等奖，2023年山西省科技进步一等奖，以及2010年美国机械工程师压力容器与管道国际会议（ASME PVP）论文奖、2016年可靠性国际会议论文最佳论文奖和优化领域国际会议最佳张贴海报奖等学术奖励10余项，2014年回国后指导博士研究生获得ASME PVP 2018和ASME PVP 2019国际会议论文奖等奖励8项。
       兼任中国机电一体化技术应用协会数字孪生分会副理事长、中国工程机械学会特大型工程运输车辆分会副理事长、中国图学学会产品信息建模专业委员会副主任委员、全国安全泄压装置标准化技术委员会（SAC/TC503）委员、中国通用机械工业协会培训中心阀门专业讲师、IFToMM中国委员会委员、中国机械工程学会大数据与智能系统分会委员会委员。担任机械"
浙江大学,童哲铭,https://person.zju.edu.cn/ztong,"童哲铭 博士
研究员 | 博士生导师
单位
机械工程学院
职务
工业技术转化研究院副院长
邮箱 tzm@zju.edu.cn
研究方向
· 机械设计及理论
· 叶轮机械优化设计
· 齿轮传动
个人简介
教学与课程
研究与成果
Copyright © 2007-2030浙江大学信息化建设领导小组办公室 咨询电话：0571-87951669  E-mail：xwmaster@zju.edu.cn 平台统计 "
国防科技大学,王志祥,https://meeting.cmes.org/?sid=1089&mid=272&v=100#!c/showNews/a/index/id/3513/label/331,
电子科技大学,王泽群,https://yjsjy.uestc.edu.cn/gmis/jcsjgl/dsfc/dsgrjj/20867?yxsh=04,"王泽群
性    别： 男
特    称：
职    称： 教授
学    位： 哲学博士学位
属    性： 专职
电子邮件： zequnwang@uestc.edu.cn
学术经历：   2014年在美国西北大学担任博士后研究员，2016-2022在美国密歇根理工大学担任博士生导师，助理教授和副教授，2022年担任电子科技大学机械与电气工程学院教授，博士生导师。
个人简介：   王泽群，电子科技大学教授，美国密歇根理工大学客座教授，国家海外高层次人才，长期从事机械材料系统可靠性设计和故障诊断的研究及工程应用，担任机械设计领域期刊Structural and Multidisciplinary Optimization编辑，Applied Mathematical Modelling，ASCE-ASME Journal of Risk and Uncertainty in Engineering Systems, Part B: Mechanical Engineering等客座主编，担任随机振动学会委员，机械设计青年委员，并担任美国自然科学基金会(NSF)和中国香港研究资助局(RGC)的评审专家以及ASME/IDETC等本领域权威国际学术会议程序委员会共同主席或委员。
科研项目：   参与和主持了多项美国能源部基金，中国NSF基金项目，省部级科研项目。
研究成果：   在可靠性设计和故障诊断领域，国际权威期刊发表论文20余篇。
专业研究方向：
专业名称 研究方向 招生类别
080200机械工程 01装备可靠性与设备监控管理，04装备智能设计与仿真，05机器人技术 博士学术学位
085500机械 01不区分研究方向，02不区分研究方向（非全） 博士专业学位
080200机械工程 01装备可靠性与设备监控管理，04装备智能设计与仿真，05机器人技术 硕士学术学位
085500机械 01机器人技术，04智能装备可靠性与优化，06不区分研究方向（非全） 硕士专业学位

学院列表
01  信息与通信工程学院
02  电子科学与工程学院
03  材料与能源学院
04  机械与电气工程学院
05  光电科学与工程学院
06  自动化工程学院
07  资源与环境学院
08  计算机科学与工程学院（网络空间安全学院）
09  信息与软件工程学院（示范性软件学院）
10  航空航天"
电子科技大学,汪忠来,https://faculty.uestc.edu.cn/wangzhonglai/zh_CN/index.htm,"汪忠来
68
教授 博士生导师
性别：男
毕业院校：电子科技大学
学历：博士研究生毕业
学位：工学博士学位
在职信息：在岗
所在单位：机械与电气工程学院
学科：机械工程
办公地点：一校一带培育基地5栋1307
联系方式：15881043536
电子邮箱：wzhonglai@uestc.edu.cn

访问量：0000009276
开通时间：2017.7.24
最后更新时间：2024.4.12
同专业博导
个人简介
汪忠来教授一直从事复杂系统可靠性分析与设计、数控机床可靠性分析、数字孪生技术以及微型扑翼飞行器研发方面的科研工作。近年来，主持包括国家重点研发计划课题、国家自然科学基金以及四川省杰出科技人才项目（四川省杰青）等科研项目20余项；在本领域Comput. Method Appl. M.、Struct. Multidiscip. O.、ASME J. Mech. Design、Reliab. Eng. Syst. Safe.等国际顶级或著名期刊上发表学术论文70余篇（ESI高被引论文1篇），CRC出版社英文专著2章节，受到美国工程院院士、加拿大工程院院士、中国工程院院士、IEEE Fellow、ASME Fellow等著名学者的众多引用和正面评价以及Advances in Engineering的专门报道，连续6年入选“中国高被引学者榜单（Most Cited Chinese Researchers）”；以第一或科研骨干获国防科技进步二等奖（3/15）、教育部自然学科二等奖（3/5）、仪器仪表学会科技进步奖（1/13）、发明创新.创业奖二等奖（1/6）、中国产学研合作创新奖（个人奖）、国防科技进步三等奖（5/15）等科研奖励；申请国家发明专利20余项，授权发明专利13项、实用新型专利2项；受邀在本领域国际和国内重要学术会议上做大会邀请报告7次；现担任ASME会员、国家科技奖励评审专家、国家科技专家库专家、四川省科技评审专家及浙江省科技奖励评审专家；入选2020年第十三批四川省学术和技术带头人、2020年四川省杰出青年科技人才、2015年电子科技大学“百人计划”。
其他联系方式
办公室电话 : 028-61747790
邮箱 : wzhonglai@uestc.edu.cn
教育经历
2000.9 -- 2004.7
四川大学       机械设计制造及其自动化 "
国防科技大学,武泽平,https://www.scholarmate.com/P/YSxkRg?,"武泽平
科研之友号:
11353956
中国人民解放军国防科技大学, 讲师
主页
成果
https://www.scholarmate.com/P/YSxkRg
share
0
项目
72
成果
344
阅读
1
下载
204
被引
9
H-指数
学科分类
机械设计学
连续优化
离散优化
材料和结构的优化设计、制造与可靠性
人工智能驱动的自动化
关键词
近似模型
优化设计
灵敏度分析
工作经历
中国人民解放军国防科技大学
空天科学学院, 讲师, 2021-02至现在
联系信息
email
相关人员
查看更多
未找到符合条件的记录

关注科研之友
关于我们| 隐私政策| 服务条款| 联系我们
©2023 深圳市科研之友网络服务有限公司 粤B2-20110417 粤公网安备 44030502000213粤ICP备16046710号
爱瑞思软件(深圳)有限公司"
湘潭大学,夏翌彰,https://www.163.com/dy/article/IGVE2K4C0534P59R.html,"夏翌彰介绍了多学科协同集成优化关键技术及应用项目。
“我们团队致力于多目标优化算法、群体智能、人工神经网络及应用的研究，形成主要成果500多篇，专著2部，授权发明专利40余项”。夏翌彰介绍，目前其自研的auto MDO平台的模型精度远高于国外竞品Optimus的拟合精度，属于国内首创、国内领先的水平。

“碲”造新材项目团队致力于成为超快激光器核心器件国产化的领跑者。团队成员主要来自光电信息科学与工程、工商管理、经济学、会计等专业。“2024年到2027年，我们制定了三年三步走策略，我们从华中激光产业带出发，以低价格突围市场，逐步扩大到以华中、长三角、珠三角、环渤海四个激光产业带为重点的全国市场，尝试为客户提供更多更好的定制化产品和服务。”展望未来，“碲”造新材项目负责人高枫林信心满满。

“我们怀揣着创新梦、创业梦，一直致力于开启智能用电新时代”，电眼金睛项目负责人廖骋臣满怀激情地说。项目团队一直专注于全方位非侵入式AI用电监测系统的技术创新，深度跟进国内外最新研究成果，打破相关技术壁垒，致力成为智慧能源科技服务领航者，提高电力用户的生活品质。目前，团队已发表权威期刊论文7篇，拥有发明专利6项及软著2项。

湘潭大学副校长喻祖国在讲话中表示，这次大赛是联动多方、资源聚合的科创“筑梦平台”，对于推动优秀科技成果转化，助力人才发展，加快长株潭都市圈高质量发展及进一步激发创新创业活力，有着十分重要的意义。未来，湘潭大学也将深入探索创新创业工作的新模式、新路径，积极为师生创新创业提供条件，进一步聚集要素和资源，以更完善的制度、更广阔的平台激励全校师生投身创新创业。
岳麓山大学科技城党工委副书记、管委会主任屈志峰在致辞中表示，希望进一步加强与湘潭大学、湖南科技大学、湖南工程学院的广泛合作，努力将湘潭各高校的人才、技术、成果优势和大科城的政策、资源、发展优势紧密结合，为长株潭科技创新一体化发展，为湘江科学城和全球研发中心城市建设注入新动能、作出新贡献。
“麓山杯”创新创业大赛自2021年启动以来，旨在发掘、培育一批优秀科创项目与团队，采用“投资+孵化+服务”的模式，支持高校师生校友创业，促进科技成果的孵化、转化及产业化。据介绍，中南大学、湖南大学、湖南师范大学各高校的复赛将会陆续在10月开展，大赛决赛将于11月进行。届时，将从全省10余所高校中角逐出一等奖、二等奖、三等奖和优"
湖南科技大学,肖钊,https://jd.hnust.edu.cn/szdw/grxx/1cd8e3c3e9114a559e2e3b9dd99361e2.htm,"肖钊
发布时间：2021-07-07访问量
一、基本情况
肖钊，男，1987年3月出生，博士，副教授，硕士研究生导师。机械工程学会高级会员，国家自然科学基金函评专家，湖南省自然科学基金函评专家。担任《Energy》 和《Acta Mechanica》 国际权威期刊的评审专家。在《机械工程学报》、《Acta Mechanica》和《Mechanical Systems and Signal Processing》、《计算机图形学报》等领域重要期刊上发表学术论文近20余篇。申请和授权国家专利12项，获取软件著作权6项，主持开发工业软件2项，知识产权成果转化3项。近3年，主持国家重点研发课题1项和子课题1项，国家自然科学基金1项，省部级项目6项，横向课题3项。
研究方向：风电大数据挖掘分析；智能机器人设计；数字孪生技术；复杂装备结构优化设计及可靠性分析。
E-mail: xnxzh501@163.com
二、学习工作经历
2004/09–2008/06，湖南科技大学， 机械设计制造及其自动化，学士
2008/09–2016/03，湖南大学，机械与运载工程学院，博士
2016/03–2021/12，湖南科技大学机电工程学院，讲师
2020/09–2020/12，哈电风能有限公司，企业访问学者
2022/01–至今，湖南科技大学，机电工程学院，副教授
三、科研特色
针对风电大数据挖掘分析、智能机器人设计和复杂装备结构优化设计及可靠性分析进行研究。课题组在读研究生9名，形成了良好了科研创新氛围和传帮带优良传统，欢迎对大数据分析、智能机器人和复杂装备结构感兴趣的同学加入，将我们的创新成果得到进一步的推广应用。
四、科研项目
[1] 国家重点研发课题，重载电力机车NQI协同集成方法及模式研究，2022/10/01-2025/12/31，130万，项目负责人，在研。
[2] 国家重点研发课题，基于质量指数的风电机群全局服役效能综合评估技术, 2022/10/01-2026/03/31，170万，任务负责人，在研。
[3] 中央引导地方科技发展科技成果转移转化项目，大型风电机组变桨系统智能健康管理关键技术及应用，2023/1/31-2024/12/31，210万，项目负责人，在研。
[4] 湖南省自然科学基金联合项目,基于贝叶斯模型修正的风电机组数字孪生建模及服役质量评，2022/1/"
北京理工大学,熊芬芬,https://sae.bit.edu.cn/szdw20/szml/fxqkzx20/fgjzcapypx_1/b187381.htm,"熊芬芬
所在学科：航空宇航科学与技术
联系电话：010-68918179
通讯地址：北京理工大学宇航学院宇航楼506
职 称：副教授
邮 箱：fenfenx@bit.edu.cn
邮 编：100081
教育经历
2007年09月---2009年09月 美国西北大学 机械工程专业 联合培养博士研究生
2005年09月---2010年01月 北京理工大学 飞行器设计专业 博士
2001年09月---2005年07月 北京理工大学 飞行器设计与工程专业 学士
工作经历
2015年07月---至今 北京理工大学 宇航学院 副教授
2012年01月---2015年07月 北京理工大学 宇航学院 讲师
2010年01月---2012年01月 北京理工大学 宇航学院 航空宇航科学与技术博士后
主要研究领域
1、不确定性量化与优化设计(Uncertainty Quantification and Design Optimization)
2、飞行器多学科优化(Multidisciplinary Design Optimization of Flight Vehicle）
3、飞行器轨迹优化和制导(Trajectory Optimization and Guidance)
获奖情况
1、北京市优秀博士学位论文
2、国家自然基金、国家数值风洞、国防基础科研“科学挑战“专题、航天科技基金、X军“十三五”预研、博士后特别资助、博士后面上项目
3、获批北京理工大学研究生精品课程/教材
社会兼职
1、 AIAA Senior Member、ASMO Member、ASME Member、ISSMO Member 、CSIAM不确定性量化专委会会员
2、《Structural and Multidisciplinary Optimization》、《Engineering Optimization》《Journal of Mechanical Design》、《Journal of Guidance Control and Dynamics》、《宇航学报》、《机械工程学报》、《航空学报》等期刊审稿人
3、教育部学位论文评阅专家、国家基金委工材学部/数理学部同行评议专家
近年来主要发表论文
[1] Shuxing Yang, Fenfen Xiong and Fenggang Wang. Unce"
西安交通大学,闫柯,https://gr.xjtu.edu.cn/web/yanke,"闫柯 教授、博士生导师
机械工程学院   设计科学与基础部件研究所
 现代设计及转子轴承系统教育部重点实验室 
科研奖励
l 2022年陕西省高等学校优秀科研成果一等奖
l 2020年国家自然科学基金优秀青年科学基金
l 2019年旋转机械传动与控制国际会议十佳论文
l 2018年第十三届设计与制造前沿国际会议十佳论文
l 2018年陕西省高等学校科学技术一等奖
l 2018年西安交通大学机械学院“泛亚”奖教金
l 2017年陕西省首届高校杰出青年人才
l 2017年中国机械工业科学技术二等奖
联系方式
  工作单位     西安交通大学 机械工程学院
                     中国西部科技创新港
  电子邮箱     yanke@mail.xjtu.edu.cn
  通讯地址     陕西省西安市咸宁西路28号
  邮      编      710049
站点计数器
小组动态
课题组闫柯老师、张盼博士、陈飞博士参加2023中国成组与智能集成、2023中国制造自动化技术学术研讨会
2023-09-13
课题组闫柯老师等人荣获陕西高等学校科学技术研究优秀成果奖一等奖
2023-09-13
课题组三篇SCI论文成功入选ESI高被引、热点论文
2023-09-08
课题组师生赴兰州参加第十五届全国摩擦学大会
2023-09-08
课题组李海珍硕士参加2023年“星航计划”研究所骨干研习营
2023-09-08
课题组成员在第三十四届“腾飞杯”创新创业大赛中斩获佳绩
2023-09-08
更多新闻>>
研究方向
智能检测：图像识别与结构检测（基于图像信息的组件几何结构识别算法、技术、装置）
软件开发：核心算法调控与软件（用于轴承分析的商业软件二次开发与C+等核心算法编写调试）
CFD模拟：数字化建模与仿真分析（用于轴承热、力、流、疲劳预测等方向的数字化建模与分析）
交叉前沿：量子感知技术与新材料（用于轴承热与压力监测的新型传感器、新型材料性能预测等）
科研活动
1. 国家自然科学基金优秀青年科学基金项目：滚动轴承热设计，主持，2021-2023
2. 国家重点研发计划课题：高效润滑******控制技术，主持，2019-2022
3. 国家重点研发计划课题：高铁转向架******研究，2019-2021
4. 国家自然科学基金项目：高速轴承*****润滑设计"
河北工业大学,张德权,https://mes.hebut.edu.cn/kxyj/kytd/108697.htm,"张德权，副教授，硕士生导师。长期从事复杂装备可靠性分析、结构不确定性量化与传播、智能机器人及核心零部件技术等研究。
邮箱：2018071@hebut.edu.cn

  俎群，副教授，硕士生导师， 主要从事微纳米力学、新材料力学行为与结构设计、材料/结构可靠性与失效机理。
邮箱：2017083@hebut.edu.cn

郭永芳，副教授。研究方向：数据驱动、电池建模、状态估计及寿命预测。
邮箱：2005011@hebut.edu.cn

  王千龄，工学博士。研究方向： 人群运动建模、应急疏散控制、可靠控制。
邮箱：2019083@hebut.edu.cn
叶楠，工学博士，河北工业大学机械工程学院工程力学系讲师， 硕士生导师。研究方向为工业机器人及其核心零部件可靠性工程研究，材料和结构动态力学性能研究。
邮箱：2018033@hebut.edu.cn

  冯世哲，讲师，硕士生导师。研究领域：高性能计算方法、人 工智能算法及应用。
邮箱：2019026@hebut.edu.cn

田红艳，讲师，硕士生导师。主要研究方向：电磁固体力学，多场耦合理论与应用，叶轮机械设计。
邮箱：2013024@hebut.edu.cn

  敖日汗，讲师，河北工业大学工 程力学系教师，天津市生物医学 工程学会生物力学专业委员会青 年委员。研究领域主要包括：工 程结构的数值计算方法与仿真， 骨组织生物力学仿真与性能分析。
邮箱：2012002@hebut.edu.cn

刘启明，博士后。主要研究方向包括不确定性理论与方法、材料本构参数识别、护理机器人可靠性、人体运动学与动力学分析、目标检测与识别、助力康复型外骨骼系统开发等。
邮箱：logemen@hebut.edu.cn

王嘉，博士后。主要研究复杂装备退化过程建模及可靠性评估、故障诊断、抗毁性评估、攻防对抗技术等。
邮箱：2019906@hebut.edu.cn

刘水清，博士后，讲师。主要研究方向：工业机器人关键零部件优化；复合材料微结构调控及力学、摩擦学行为。
邮箱：2019901@hebut.edu.cn

  张露予，博士后，讲师。主要研究方向：工业机器人故障诊断、智能电网故障检测与定位。
邮箱：2020110@hebut.edu.cn


王荣，博士后。研究领域：智能材料与结构。
邮箱：rongwang@hebut.edu."
西安电子科技大学,张树新,https://web.xidian.edu.cn/sxzhang/,"张树新的留言板
张树新的主页:
个人信息
科学研究
论文成果
荣誉奖励
课程教学
招生信息
English
基本信息
张树新   教授  博/硕士生导师 
国家级科研平台科研副主任
博士学科：机械电子工程
硕士学科：机械电子工程
工作单位：西安电子科技大学
      电子装备机电耦合实验室
  联系方式
通信地址：陕西省西安市太白南路2号191信箱
电子邮箱：sxzhang@xidian.edu.cn
办公电话：029-88203040
办公地点：西安电子科技大学北校区新科技楼805室
个人简介
张树新，男，1987年生，河北深州人，现任电子装备机电耦合实验室国家级科研平台科研副主任
国家级青年人才（2023）、陕西省青年科技新星（2022）、人社部博新计划博士后（2017）
2010年于西安电子科技大学获机械设计制造及其自动化专业学士学位
2015年于西安电子科技大学获机械电子工程专业博士学位
自2010年以来一直从事柔性可展开天线/结构机电耦合、机电集成优化设计、无人机技术等方面的研究
主持国家自然基金、前沿创新、国防预研项目等多项，横向项目若干
出版英文专著1部（第二作者）
以第一作者发表刊物论文31篇（I/II区23篇）
以第一发明人授权国家发明专利39项
获2020年度国家科技进步一等奖（排名第6）
获2019年度陕西省科学技术进步一等奖（排名第3）
获2017年度中国电子学会优秀博士学位论文提名奖
主要研究方向
天线机电热集成优化设计；
天线结构与多学科优化设计；
有效载荷技术；
水空双动力跨介质无人机技术；
   版权声明
未经西安电子科技大学以及个人主页教师本人许可，不得复制、转载和传播本页内容，禁止用于任何商业用途。如需转载请征得主页所有者同意，并附上主页链接！
2 个月前 更新
张树新的留言板
技术支持：电院网络中心陕ICP备05016463号-3© 2024 西安电子科技大学"
西北工业大学,周长聪,https://teacher.nwpu.edu.cn/changcongzhou.html,
华中科技大学,周奇,http://faculty.hust.edu.cn/ZHOUQI/zh_CN/tzysd/2135548/list/index.htm,"周奇
137
同专业博导 同专业硕导
个人信息
Personal information
教授     博士生导师     硕士生导师
性别：男
在职信息：在职
所在单位：航空航天学院
学历：研究生(博士)毕业
学位：工学博士学位
毕业院校：华中科技大学
学科：机械电子工程
同专业硕导
科学研究 - 同专业硕导
机械电子工程
朱国力
赵欢
詹小斌
张小俭
张琴
张代林
张超勇
曾理湛
余祖耀
易朋兴
叶伯生
闫蓉
杨文玉
杨曙东
杨华
杨帆
许剑锋
熊良才
熊蔡华
谢远龙
吴志刚
吴景铼
吴德发
陶波
孙容磊
罗映
罗欣
罗飞腾
龙胡
李益群
李文龙
刘潇
刘世平
刘红奇
李国民
廖广兰
梁杰俊一
朱金龙
冀晶晶
姜伟
江浩
胡友民
黄永安
黄涛
洪葳
韩斌
郭家杰
龚泽宇
龚时华
高隆隆
冯搏
段永青
丁汉
邓超
陈幼平
陈文斌
陈蓉
陈良洲
陈建魁
曹坤
白龙
地址：湖北省武汉市洪山区珞喻路1037号 邮政编码：430074
访问量：0000014628 | 开通时间：2019-5-7 | 最后更新时间：2024-4-1 手机版"
北京理工大学,白影春,https://www.x-mol.com/university/faculty/234447,"白影春
白影春 副教授 博士生导师 收藏 完善纠错

北京理工大学    机械与车辆学院
登录后才能查看导师的联系方式，马上登录...
研究领域
长期从事新能源汽车与高端装备先进设计理论及工程应用，主要研究方向包括：（1）新制造驱动汽车轻量化拓扑优化技术；（2）新能源汽车结构-控制数字孪生设计；（3）高性能计算与智能设计理论等。
近期论文
查看导师最新文章 （温馨提示：请注意重名现象，建议点开原文通过作者单位确认）
Chen XK, Li C, Bai YC*. Topology optimization of sandwich structures with solid-porous hybrid infill under geometric constraints. Computer Methods in Applied Mechanics and Engineering, 2021, https://doi.org/10.1016/j.cma.2021.113856.

白影春，景文秀. 基于滤波/映射的边界描述的壳-填充结构多尺度拓扑优化方法. 机械工程学报，2021, 57(4): 121-129.

Bai YC*, Zhou HS, Lei F, et al. An improved numerically-stable equivalent static loads (ESLs) algorithm based on energy-scaling ratio for stiffness topology optimization under crash loads. Structural and Multidisciplinary Optimization, 2018, https://doi.org/10.1007/s00158-018-2054 -8.

Bai YC, Jiang C*, Han X, et al. Evidence-theory-based structural static and dynamic response analysis under epistemic uncertainty. Finite Elements in Analysis and Design, 2013, 68: 52-62.

Lin C, Gao"
河北工业大学,杨骅,https://mes.hebut.edu.cn/szdw/jsml/jxx/e962c15ac6c043058ce8bfb6e7613263.htm,"杨骅
时间：2022-03-22 来源： 作者： 访问量：11803
学院师资队伍

简介
杨骅，男，德国柏林工业大学博士，讲师，硕士生导师，韩旭教授团队成员。2013年中南大学本科毕业，2016年西安交通大学硕士毕业（导师：洪军教授），2021年柏林工业大学博士毕业（成绩为优秀magna cumme laude，导师为柏林工大力学所主任Wolfgang H. Müller）。与德国柏林工业大学（世界排名前100）、瑞典乌普萨拉大学（世界排名前100）、英国帝国理工学院（世界排名前20）等院校保持良好合作关系。
教育工作经历
2022年3月-今，河北工业大学，讲师，硕士生导师。
2017年9月-2021年11月，柏林工业大学（Technische Universität Berlin），机械工程与运输系统博士学位。
2013年9月-2016年6月，西安交通大学，机械工程硕士学位。
2009年9月-2013年6月，中南大学，机械设计制造及其自动化学士学位。
研究方向
等几何结构优化设计、机械超材料建模与仿真、基于物理信息的深度学习算法、工业机器人结构分析与优化设计
研究成果
近五年累积发表SCI学术论文21篇，其中一作、通讯作者SCI论文11篇。SCI引用385次，h-index:11，i10-index:12。
招生：每年招收硕士研究生2名，欢迎具有机械、力学、计算机等背景的同学报考，鼓励学科交叉。表现优秀者将推荐出国攻读博士学位。
联系邮箱：
hua.yang@hebut.edu.cn

版权所有 ©河北工业大学机械工程学院 地址：天津市北辰区西平道5340号 邮编：300401,联系电话：022-60202050
访问量：2741061"
华中科技大学,高杰,http://school.freekaoyan.com/hb/hust/daoshi/2021/07-25/16272054671483791.shtml,"高杰
本站小编 Free考研考试/2021-07-25
重点985大学考研专业课资料免费在线阅读：北京大学 清华大学 上海交通大学 复旦大学 浙江大学 国防科技大学 中国科学技术大学 中国人民大学 南京大学 北京航空航天大学 北京理工大学 哈尔滨工业大学 西安交通大学 南开大学 同济大学 武汉大学 华中科技大学 北京师范大学 东南大学 四川大学 华东师范大学 电子科技大学 中山大学 天津大学 厦门大学 华南理工大学 西北工业大学 山东大学 重庆大学 中南大学 吉林大学 兰州大学 大连理工大学 中国农业大学 中国海洋大学 中央民族大学 湖南大学 东北大学 西北农林科技大学


姓名：高杰，英文：Gabriel Jie
邮件：JieGao@hust.edu.cn
电话：**
Personal website: https://gabrieljie.wixsite.com/jiegao
Google Scholar: https://scholar.google.com/citations?user=RzBvRkcAAAAJ&hl=zh-CN
Researchgate: https://www.researchgate.net/profile/Jie_Gao104






个人基本情况：
美国伊利诺伊大学厄巴纳-香槟分校高级数字研究中心博士后，2020年3月毕业于悉尼科技大学，获哲学博士学位，2019年9月毕业于华中科技大学机械科学与工程学院，获工学博士学位。主要从事等几何拓扑优化理论与应用研究、超轻质高性能结构拓扑优化设计技术研究、智能超材料拓扑优化设计技术研究等方面的科研工作，截止2020年9月，在国际期刊和会议上发表论文20余篇，其中SCI论文16篇（第一作者或通讯作者共10篇），申请/授权发明专利6项。担任Computer Methods in Applied Mechanics and Engineering (Elsevier, IF: 4.821)、Structural and Multidisciplinary Optimization (Springer, IF: 3.925)、International Journal of Numerical Methods in Engineering (Wiley and Sons, IF: 2.746)等多"
江苏大学,周海超,https://auto.ujs.edu.cn/info/1114/10847.htm,"周海超
发布日期：2021-12-23　　　浏览次数：11972
姓名 周海超
性别 男
职务职称 教授/博士/博导
博导-所在学科 车辆工程 
硕导-所在学科 车辆工程
所在学科 车辆工程 
硕导/博导 硕导/博导
联系电话 15052929623
电子信箱 hczhou@ujs.edu.cn
学习、工作经历
学习经历：
2008.09 – 2013.12，江苏大学 车辆工程专业， 获工学博士学位
2004.09 - 2008.06，河南农业大学 交通运输专业， 获工学学士学位
工作经历：
2016.10 - 至今，江苏大学 汽车与交通工程学院， 副教授, 教授
2020.04 - 至今，风神轮胎股份有限公司， 博士后
2014.12 - 2017.11，江苏大学交通运输博士后流动站， 博士后
社会兼职
中国汽车工程学会会员，国际仿生工程学会会员，中国机械工程高级会员，《橡胶工业》通讯员，《Chinese Journal of Mechanical Engineering》，《Part D: Journal of Automobile Engineering》，《橡胶工业》，《机械工程学报》，《Advances in Materials Science and Engineering》等国内外期刊审稿人，国家自然科学基金网络评审人等。
主讲课程
汽车运用工程，汽车轮胎学，运输组织与管理，汽车检测与诊断技术
研究方向
1、 汽车轮胎结构设计与性能优化
2、 智能轮胎设计与开发
3、 轮胎及汽车空气动力学研究
4、 汽车零部件结构动态设计与NVH分析
主要论著
发表科技论文40余篇，其中SCI/Ei检索20余篇
一、主要代表作：
[1] Zhou H, Jiang Z, Wang G, et al. Aerodynamic Characteristics of Isolated Loaded Tires with Different Tread Patterns: Experiment and Simulation[J]. Chinese Journal of Mechanical Engineering, 2021, 34(1): 1-16.
[2] Zhou H, Jiang Z, Jiang B, et al. Optimization of tire trea"
湖南大学,贺哲龙,http://mve.hnu.edu.cn/info/1099/2257.htm,"贺哲龙
机械制造工程系
王伏林
韦海英
尹韶辉
邓乾旺
冯　凯
朱克忆
任莹晖
刘　坚
刘继常
李　伟
李茂君
李荣启
李　娟
李落星
李文俊
杨旭静
杨　军
何世慧
宋立军
张　屹
张冠华
张　凯
陈根余
陈逢军
陈艺勤
陈　鼎
余剑武
范　叶
金湘中
金　滩
周惦武
胡仲勋
胡跃强
钟　波
段辉高
夏百战
郭　力
黄　帅
黄向明
龚志辉
崔俊佳
梁　军
彭杰宏
鄢　锉
熊万里
韩晓筱
陈　聪
何　洪
尹　辉
朱   伟
安晨辉
冯   波
蒋   浩
雷雨超
力学与航空航天系
王晓钢
韦　凯
毛贻齐
方棋洪
冯　慧
任毅如
刘文洋
刘伟纲
刘腾喜
刘　播
李　甲
杨　刚
邹伟生
张见明
张思进
张海成
周加喜
周　慧
林　森
胡　绚
胡徐趣
侯淑娟
侯鹏飞
赵　岩
符文彬
彭　凡
蔡清裕
戴宏亮
彭神佑
何　巍
范智超
施方成
王　凯
机电工程系
王文格
王　刚
王珂娜
刘　侃
杨　宇
邹宪军
张飞铁
张　军
邵海东
陈逢军
陈　静
陈　宁
钟　翔
黄　晶
彭晓燕
程军圣
谭　勇
颜运昌
李　柏
丁荣军
胡　伟
张坦探
严　珂
车辆工程系
丁　飞
干年妃
王　琥
王晓伟
王田天
尹汉锋
白中浩
成艾国
刘迪辉
李　凡
李光耀
李伟平
杨　易
杨沿平
肖　志
何莉萍
何智成
宋　凯
宋晓琳
张冠军
张维刚
陈　涛
周　兵
周　维
郑　刚
胡朝辉
钟志华
莫旭辉
徐　彪
秦晓辉
秦兆博
聂　昕
黄　智
黄沛丰
曹立波
崔向阳
彭伟光
蒋彬辉
谢小平
谢　晖
谢国涛
雷　飞
蔡　勇
薛殿伦
陈　锋
徐世伟
颜凌波
孙光永
边有钢
李顺峰
能源与动力工程系
马寅杰
王兆龙
邓元望
甘　昊
付建勤
朱　浩
任承钦
刘　云
刘敬平
杨小龙
张全长
张　峰
陈　征
陈敬炜
罗宝军
周菊光
鄂加强
谭理刚
廖高良
冷尔唯
秦光照
袁　硕
郑　雄
杨高强
国家高效磨削工程技术中心
尹韶辉
龙小兵
吴　耀
余剑武
陈逢军
尚振涛
金　滩
胡思节
谢桂芝
熊万里
先进前沿交叉学科研究所
蔡立军
李　东
陈舒拉
田万一
邓辉球
胡望宇
吴占涛
  上一篇：教师简介
湖南大学机械与运载工程学院版权所有 ©2018
通讯地址：湖南长沙岳麓山   邮编：410082   行政办：0731-88822825  教学办：0731-88822826  学工办：0731-88823120"
上海交通大学,戚进,https://me.sjtu.edu.cn/teacher_directory1/qijin.html,"戚进 副研究员
所在系所机电设计与知识工程研究所
办公电话02134206076
通讯地址上海交大机械与动力工程学院机械A楼905室
电子邮件jinhuaqj@sjtu.edu.cn
个人主页http://me.sjtu.edu.cn/teacher_directory1/qijin.html
教育背景
2007-2010上海交通大学 机械制造及其自动化专业 博士
2004-2007上海交通大学 机械制造及其自动化专业 硕士
2000-2004 浙江工业大学 机械制造及其自动化专业 学士
工作经历


出访及挂职经历



研究方向


科研项目








代表性论文专著

















教学工作













软件版权登记及专利

























学术兼职








荣誉奖励

网站声明|友情链接|联系我们|流量统计
Copyright © 2016 上海交通大学机械与动力工程学院 版权所有
分享到
Email：sjtume@sjtu.edu.cn
地址：上海市东川路800号上海交通大学闵行校区机械与动力工程学院
邮编：200240"
福建理工大学,闫晓磊,https://www.fjut.edu.cn/2021/0104/c471a165068/page.psp,"闫晓磊
发布者： 庄恩泽 更新日期： 2023-02-24 访问次数： 1364

闫晓磊，男，河南许昌人，博士，教授，硕士生导师，2012年湖南大学机械工程专业获博士学位，2012年至2013年澳大利亚皇家墨尔本理工大学访问学者。2016年入选福建省高等学校“杰出青年”科研人才计划，2022年获福建省教学成果二等奖1项，2019、2021年获校硕士研究生学位论文优秀指导老师。
主要从事CAE创新设计与结构轻量化研究。先后主持国家自然科学基金、福建省自然科学基金等项目6项；在国内外重要学术刊物上发表论文30余篇，其中SCI/EI收录20篇；授权发明专利6项。主讲《汽车有限元技术》、《汽车优化设计》、《计算机辅助分析工程》等本科及研究生课程。
福建省福州市闽侯县上街镇学府南路69号 350118
Copyright ⓒ FuJian University of Technology     闽ICP备10022194号-1"
大连理工大学,阚子云,http://faculty.dlut.edu.cn/kanziyun1/zh_CN/index.htm,"阚子云
70
副教授     博士生导师   硕士生导师
性别：男
毕业院校：大连理工大学
学位：博士
所在单位：机械工程学院
办公地点：大连理工大学机械工程学院知方楼
电子邮箱：kanziyun@dlut.edu.cn

访问量：0000006566
开通时间：2022.8.27
最后更新时间：2024.3.27
个人简介
阚子云，河南信阳人，工学博士，副教授，博士生导师，硕士生导师。
研究兴趣围绕：计算动力学及其在机械、结构等工程中的应用，主要涵盖：
* 多体系统动力学建模,求解,软件研发
* 结构非线性有限元分析
* 智能可展开结构分析与应用
* 机械系统数字孪生
博士毕业于大连理工大学工程力学系（导师：钟万勰院士），在学术贡献上：
(1)针对可展开张拉结构的大变形力学问题进行了研究，发现其中涉及到的非光滑现象，并系统地提出建模和求解方法；
(2)探索了张拉整体连续性机械臂的设计、实验、分析与控制；
(3)针对滑动绳索的摩擦分析问题首次提出了基于线性和非线互补的稳定求解方法；
(4)针对几何非线性有限元中的共旋坐标法，提出了新的推导思路，避免了传统基于非线性投影矩阵策略的繁琐表达式。
主持国家自然科学基金面上项目、青年科学基金项目、中国博士后面上基金以及航天X院、中联重科等企事业课题多项，作为骨干人员参与国家重点研发项目，国家自然科学基金联合基金等项目。发表学术论文30余篇，其中以第一作者在机械、力学、航天等领域著名期刊《Mechanical Systems and Signal Processing》,《Computer Methods in Applied Mechanics and Engineering》,《International Journal of Solids and Structures》,《AIAA Journal》等发表SCI论文10余篇，博士学位论文《张拉整体结构动力响应分析的模型和算法研究》获“2020年度中国力学学会优秀博士学位论文提名奖”。
Researchgate主页：https://www.researchgate.net/profile/Ziyun-Kan-hanziyun
  人生乐趣在于研究些有用和好玩的事情！欢迎机械、力学等相关方向志同道合的同学加入课题组共同探索！我们竭尽全力提供各类支持。（联系邮箱：kanziyu"
华中科技大学,蒋琛,https://mse.hust.edu.cn/szdw/jsml/jsml/qb.htm,"蒋琛
K
康宜华
L
刘晓军
卢文龙
刘世平
凌玲
李世其
刘竞
刘怀兰
李喜秋
李宝仁
刘银水
罗小辉
刘清华
刘云华
罗年猛
李曦
刘红奇
李小平
李新宇
刘琼
龙韧
刘心雄
雷田
李善德
李文龙
刘伦洪
李小清
罗欣
刘世元
廖广兰
李锡文
来五星
李培根
刘胜
李立
李好
梁杰俊一
刘潇
李益群
刘智勇
龙胡
厉侃
李祥飞
刘喆倩
刘长清
李鹏
李敏
M
毛宽民
马修泉
毛新勇
马波
P
彭江英
彭芳瑜
彭义兵
Q
邱浩波
邱赤炼
R
阮春红
饶运清
荣佑民
S
宋宝
孙燕华
施松新
孙容磊
史铁林
邵新宇
沈卫明
舒乐时
T
唐群国
唐立新
陶波
汤自荣
唐晓群
唐斌
唐小卫
W
王健
王峻峰
万立
吴昌林
魏迎军
王波兴
王启富
王书亭
吴义忠
吴豪
王平江
王晓宇
吴磊
武新军
吴波
吴志刚
汪学方
吴德发
王学林
吴景铼
王俊亚
吴从义
吴九林
X
夏凉
熊体凡
肖峻峰
向华
谢经明
徐江
肖蜜
熊良山
轩建平
熊良才
熊烽
夏奇
熊蔡华
熊有伦
许剑锋
夏兆辉
谢远龙
谢斌
许光达
肖鸣飞
Y
尤政
杨钢
鄢来祥
杨曙东
闫蓉
严思杰
杨建中
叶伯生
余文勇
袁楚明
易朋兴
杨叔子
杨华
杨文玉
尹周平
杨吉祥
叶冬
杨帆
叶畅
Z
张新宝
赵斌
张俐
周培源
朱碧海
赵欢
张云清
赵建军
张小俭
张代林
张冈
周会成
朱志红
张国军
朱国力
朱志娟
朱端振
张超勇
朱海平
曾理湛
张传维
张琴
张小明
朱福龙
周向东
周莉萍
周济
詹小斌
张建国
周新平
翟文正
张新访
赵兴炜
朱金龙
曾祥瑞
张春江
曾芬芳
张东
张帆
张飞
通讯地址：湖北省武汉市洪山区珞喻路1037号先进制造大楼
邮政编码：430074
联系电话：027-87543770
学院邮箱：mse@hust.edu.cn
友情链接
华中科技大学
广东华中科技大学工业技术研究院
湖北省专用汽车研究院
智能制造装备与技术全国重点实验室
华中科技大学无锡研究院
襄阳华中科技大学先进制造工程研究院
国家数字化设计与制造创新中心
武汉智能装备工业技术研究院
泉州华中科技大学智能制造研究院
国家智能设计与数控技术创新中心
关注我们
学院微信公众号
Copyright © 华中科技大学机械科学与工程学院 版权所有本网站所使用的方正字体由方正电子免费公益授权"
河南工业大学,刘竟飞,https://jdxy.haut.edu.cn/info/1080/8399.htm,"刘竟飞 博士
主讲人简介：刘竟飞，工学博士，毕业于湖南大学，现任河南工业大学机电工程学院讲师。主要从事装备不确定性分析与设计、深度学习理论与应用方法等研究，参与国家自然科学基金两项。近3年，在国内外学术期刊发表论文4篇（其中SCI收录一作论文2篇），授权发明专利1项。
摘要：实际工程中广泛存在材料属性波动、加工误差和随机外载荷等诸多不确定性因素，导致装备性能具有分散性。对于航空航天、武器装备以及智能机器人等领域的高端装备而言，由于其构造精密、运行工况及服役环境多样化，影响装备性能的不确定性因素较多，即存在高维不确定性问题。传统的不确定性传播方法在处理高维问题时往往会遇到求解误差大、求解效率低以及维数灾难等难题。为此，本报告主要研究如何利用贝叶斯深度学习高效地求解高维不确定性因素对装备响应的影响程度与传播规律，以期为高端装备的可靠性设计提供理论依据与技术支撑。
欢迎广大师生参加！
                                               　　　　　　　　　　　　　　　　　　　　　机电工程学院
                              2022年11月13日



上一篇：第73期“机电讲堂”预告
下一篇：第71期“机电讲堂”预告
友情链接： 河南省教育厅 学信网 郑州大学
电话: 0371-67756206
地址: 河南省郑州市高新区莲花街100号 (450001)
电子邮箱 Copyright@ 2023 河南工业大学，机电工程学院 CAIS AIl rights reversed
官方微博
官方微信"
郑州轻工业大学,李晓科,https://seie.zzuli.edu.cn/17894/list.htm,
长沙理工大学,谢博群,https://www.csust.edu.cn/qjxy/info/1455/13984.htm,"谢博群
 
简历
谢博群
个人基本情况
性别：男
出生年月：1992年1月23日
民族：汉族
政治面貌：群众
职称：无
最后学历、学位：博士研究生，工学博士
工作单位：长沙理工大学汽车与机械工程学院
办公电话：18390824052
E-mail：xieboqun@csust.edu.cn
主要经历及学术兼职
一、工作及学习经历
2023年-至今，长沙理工大学，汽车与机械工程学院汽车工程系，专任教师
2017年-2023年，湖南大学，机械与运载工程学院，机械工程，博士
2015年-2017年，哈尔滨工程大学，船舶工程学院，船舶与海洋工程，硕士
2011年-2015年，哈尔滨工程大学，船舶工程学院，船舶与海洋工程，本科
二、学术兼职及荣誉
无
教学情况
一、讲授的主要课程
无
二、承担的实践性教学
无
科研情况
一、研究方向
不确定性量化和传播、装备可靠性评估与设计
二、在研和已完成的主要课题
[1] 参与，国家自然科学基金重大项目《功能形面工况对性能影响的不确定性度量理论》，经费：300万，2015-2019.
[2] 参与，国防基础科研核科学挑战计划课题《高维长时系统的不确定性度量与传播理论》，经费：220万，2018-2021.
三、主要研究成果
代表性论文：
[1] Xie B Q, Jiang C, Zhang Z, Zheng J, Li J W. An uncertainty propagation method for multimodal distributions through unimodal decomposition strategy. Structural and Multidisciplinary Optimization, 2023, 66:141（中科院2区，JCR 1区）
[2] 谢博群, 张哲, 姜潮. 一种针对多峰随机分布的不确定性传播分析方法. 中国科学：技术科学, 2022,52(08):1259-1273. (EI).
[3] 谢兵, 谢博群, 张猛, 曲先强. 基于粒子群的改进智能算法在载荷识别中的应用. 中南大学学报(自然科学版), 2019,50(02):343-349. (EI).
专利：
[1] 谢博群等，一种密封窗和手套箱，专利号：ZL202022751275.2
  校内链接
· 长沙理工大学
· 图书馆
"
电子科技大学深圳高等研究院,俞水,http://www.i4ai.org/about_us.html,"俞水副研究员，主要研究结构不确定性量化与优化设计，探索人工智能在不确定性量化与设计领域的应用，所取得研究理论成功应用于智能机器人（如：下肢外骨骼、微型扑翼飞行器和消防机器人等）结构设计和稳健控制方面。主持国家市场监督管理总局、中央高校、四川省科技厅和广东省科技厅等省部级以上项目5项，横向项目3项，参与国家重点研发计划、国家自然科学基金面上项目等科研项目10余项。发表论文30多篇，其中以第一作者在Comput. Method Appl. M.、Mech. Syst. Signal Pr.、Reliab. Eng. Syst. Safe、Struct. Multidiscip. O.和J. Mech. Design等国际主流期刊上发表论文12篇，一篇入选ESI高被引论文。授权国家发明专利4项。获中国协会发明创新二等奖（1/6）。
刘鹏副研究员，2023年博士毕业于澳门大学计算机科学专业。主要研究领域为计算机视觉与图像处理、机器学习，研究方向包括：多尺度特征学习、类别不平衡学习、增量学习、联邦学习以及医学图像分析等。目前以一作或通讯作者身份发表中科院一区Top期刊论文4篇。
唐念歧助理研究员，2019年于西安电子科技大学获得通信与信息系统博士学位，2019年至2023年于华为技术有限公司担任高级工程师。2023年7月至今在电子科技大学（深圳）高等研究院韩永祥教授团队担任助理研究员。主要研究方向包括纠错码、数据压缩、网络编码和数字信号处理。
（主要在电子科技大学校本部招收研究生）滕云龙副教授，英国格拉斯哥大学访问学者，主要研究方向包括人工智能在电力系统中的应用、电力系统广域测量等。近年来，发表学术论文20余篇，授权国家发明专利10余项，主持国家自然科学基金等项目10余项，获中国仪器仪表学会科学技术进步二等奖一项。
兼职教师
曹斌教授，河北省杰出青年科学基金获得者，博士生导师。主要研究计算人工智能、深度神经网络调构、智能传感器、物联网。担任中国人工智能学会青年工作委员会常委、天津市人工智能学会理事、CCF传播大使，担任多个学术期刊编委、学术会议主席、程序委员会委员，组织人工智能领域的学术会议。近年来主持了多个国家级科研项目和国家自然科学基金面上项目等科研项目10余项。近五年作为第一作者和通信作者发表中科院一区TOP期刊论文（含ESI高被引论文与热点论文）多篇，在CCF A类的"
河北工业大学,欧阳衡,https://mes.hebut.edu.cn/szdw/jsml/jxx/43313d0c85e045bfbcbfb223a4213292.htm,"欧阳衡
时间：2024-01-15 来源： 作者： 访问量：2829


简介
欧阳衡，准聘副教授，硕士研究生导师，河北工业大学元光学者，美国辛辛那提大学联合培养博士。长期从事复杂装备数字化与智能化设计、风力发电机可靠性分析与优化设计、机器人结构设计与控制、反演测试技术与装备、结构可靠性优化与寿命评估等领域研究。作为项目负责人，主持国家自然科学基金青年项目1项，河北省高等学校自然科学研究项目1项，河北省高水平人才项目博士后重点项目1项，河北工业大学省部共建电工装备可靠性与智能化国家重点实验室基金项目1项，参与国家自然科学基金面上项目2项。在本领域国内外重要期刊《Mechanical Systems and Signal Processing》、《Computer Methods in Applied Mechanics and Engineering》、《Structural and Multidisciplinary Optimization》、《Applied Mathematical Modelling》、《Journal of Mechanical Design》等发表期刊论文10余篇，授权国家发明专利7项，授权软件著作权10余项。担任《机械设计》青年编委，以及《Measurement》、《International Journal of Computational Methods》、《机械设计》等多个期刊评审人。
教育工作经历
2023.12 — 至今 河北工业大学 机械工程学院 准聘副教授
2020.12 — 2023.11 河北工业大学 机械工程学院 博士后 合作导师：韩旭教授
2016.09 — 2020.12 湖南大学 机械与运载工程学院 博士 导师：韩旭教授、刘杰教授
2018.11 — 2019.11 美国辛辛那提大学 航天航空与工程力学系 联合培养导师：Guirong Liu教授
2015.09 — 2016.06 湖南大学 机械与运载工程学院（硕博连读）导师：韩旭教授、刘杰教授
研究方向
复杂装备数字化与智能化设计
风力发电机可靠性分析与优化设计
机器人结构设计与控制
反演测试技术与装备
结构可靠性优化与寿命评估
研究成果
主持/参与课题：
[1] 国家自然科学基金委员会, 青年科学基金项目, 12102122, 混合不确定性下智能移乘护理"
湖南大学,尹辉,http://gra.hnu.edu.cn/info/1342/4606.htm,"尹辉：车辆横向运动控制
发布时间：2018-09-18  发布作者：  点击数： 1671
时间：9月19日（周三）晚上19:30-20:30
地点：机械与运载工程学院330
题目：车辆横向运动控制
主讲人：尹辉

主讲人简介：
尹辉，湖南大学机械与运载工程学院2014级博士研究生，于2016年前往美国佐治亚理工学院进行为期两年的联合培养。主要研究方向包括振动与噪声控制，不确定数值分析方法，不确定动态系统控制。2015年以来，已在Computer Methods in Applied Mechanics and Engineering，Mechanical Systems and Signal Processing，Nonlinear Dynamics等刊物上发表多篇论文。

内容提要：
车辆向前运动时需要保证不越过车道，否则会对车内人员的安全产生威胁。报告人以约束跟随控制为基础，将轨迹跟踪表示为等式约束，车道线服从表示为不等式约束，提出将微分同胚方法与Udwadia-Kalaba方程结合以同时处理等式约束与不等式，即可保证车辆在进行轨迹跟踪时不越过车道线。
上一条：【公派访学报告】丁平尖：结合多信息的组合药物筛选方法研究
下一条：【公派访学报告】罗鹏飞：时间偏好不一致下的实物期权博弈
地址：湖南省长沙市岳麓区麓山南路研究生院楼D栋4层
电话：0731-88821224（综合办）、88822856（招生办）
88822824（培养办）、88823112（学位办）
版权所有©湖南大学研究生院
微信公众号："
东南大学,司伟,https://me.seu.edu.cn/sw_31804/listm.htm,"司伟副教授博士生导师,硕士生导师
所在院系:机械设计工程系
办公室:机械楼 357
电话:
邮箱:wei.si@seu.edu.cn
个人简介
欢迎优秀的本科生、研究生来课题组垂询体验（例如：竞赛、SRTP项目、毕业设计和攻读研究生学位等），课题组将为各位同学提供个性化的发展规划和优厚的助研津贴与绩效奖励，简历投递邮箱地址wei.si@seu.edu.cn。
 司伟博士，副教授，博导/硕导，机械设计工程系副主任，江苏省优青、江苏省青托，东南大学“至善青年学者”（B层次），江苏省优秀博士学位论文和东南大学优秀博士学位论文获得者，入选东南大学机械工程学院“优才培育计划”，担任《MaterialsInternational》(ISSN: 2668-5728)期刊助理编辑和《Bioengineering International》(ISSN 2668-7119)期刊编委。获Nanotechnology期刊杰出审稿人奖、3M Nano国际会议最佳论文奖指导教师、“Electrophoresis” 期刊Reviewer Certificate、IOP Trusted Reviewer、闵瑜校友奖励基金等。
主要研究方向：微纳尺度下的（1）机械操控及机器人技术、（2）流体动力学及传感器、（3）结构工艺设计及加工制造、（4）程序语言算法和三维建模与仿真。
教学方面：获东南大学第二届“杰出教学奖”教学新秀奖、东南大学第28届青年教师授课竞赛二等奖（每年约前5%可入围）、首届东南大学教师教学创新大赛三等奖，作为项目负责人承担校级教改项目2项，已发表教改论文3篇，担任东南大学机械工程学院本科生班主任，担任东南大学学习优秀生指导教师，担任本科生大类培养指导教师，担任铸造工艺大赛、CIMC“西门子杯”中国智能制造挑战赛、本科生工程训练综合能力竞赛指导教师并获得国家级、省部级奖多项，所带的本科毕业设计获得东南大学本科生优秀毕业设计（论文）团队称号，所带的多届本科生毕业设计论文获得机械学院优秀毕业设计论文，所带的本科生SRTP项目获得省级SRTP项目支持，所带的本科班级团支部获东南大学“磐石计划”校级项目立项。
科研方面：在Journal of the American Chemical Society、ACS Nano、Small、SmallMethods等国内外期刊发表SCI论文48篇，E"
合肥工业大学,祖磊,https://jxxy.hfut.edu.cn/2018/1023/c8976a182633/page.htm,"祖磊
2018-10-23
打印 电子邮件
姓　名 祖磊
职　称 教授
职　务 副院长
所属系 飞行器制造工程系
邮　箱 zulei@hfut.edu.cn
电　话 0551-62919312
个人基本情况
“黄山学者”特聘教授、博士生导师。2012年博士毕业于荷兰代尔夫特理工大学航空航天工程专业，获优等博士学位（cum laude）。现任合肥工业大学机械工程学院副院长、安徽省航空结构件成形制造与装备重点实验室副主任、安徽省先进复合材料设计与应用工程研究中心副主任。
入选国家级青年人才计划、教育部霍英东基金、安徽省特支计划、安徽省学术和技术带头人后备人选等。主要从事航空航天装备制造、碳纤维复合材料构件设计制造领域的教学与科研工作。主持各类教学质量工程项目5项，主编教材2部，获安徽省教学成果一等奖1项（排名2）；主持纵、横向科研项目经费超过3000万，作为项目首席主持军委装发部千万级重大装备预研项目，以第一完成人获安徽省科技进步一等奖1项。
兼任中国航空学会理事、安徽省航空学会副理事长、安徽省复合材料学会（筹）副理事长兼秘书长、SAMPE中国分会常务理事、高水平期刊《Composite Structures》、《Composites Part C》、《合肥工业大学学报(自然科学版)》编委，受邀在国内外高水平会议做大会/主旨报告等10余次。
主要研究方向
欢迎具有机械、航空航天、材料、力学等专业背景的优秀学子报考本组博、硕士研究生！课题组将提供极具竞争力的发展平台和津贴待遇。
1、航空航天复合材料结构设计与制造
2、碳纤维复合材料高性能铺放制造技术
3、固体火箭发动机复合材料壳体
4、复合材料压力容器设计制造
5、多旋翼智能无人机系统研发

近年的科研项目、专著与论文、专利、获奖
合肥工业大学航天复合材料先进制造技术研究所目前有固定成员14名，其中教授4名，副教授6名，讲师4名，博导2名，硕导8名，指导博、硕士生50余名。研究所聚焦国家重大战略和区域经济社会发展需求，重点围绕碳纤维复合材料结构高性能设计制造理论及技术，探索新颖的缠绕/铺放制造数学原理及轨迹规划方法，突破传统缠绕/铺放理论带来的诸多工艺限制，解决传统制造模式难以兼顾工艺可行性与制品力学性能的关键核心难题，在满足缠绕/铺放工艺可实现的前提下，力求能进一步优化和提高制造效率和成型铺层的结构力学性能。针对典型的"
北京理工大学,郝佳,https://me.bit.edu.cn/szdw/jsml/zzgcx/gygcyjs/sssds13/b98867.htm,"郝佳
姓 名
郝佳
职 称
长聘副教授/研究员
√博导 √硕导
学院及专业
机械与车辆学院
办公地址
北京理工大学一号教学楼344A
邮编
100081
邮 件
haojia632@bit.edu.cn
个人简介与研究方向
个人简介：
郝佳，长聘副教授、博士生导师、国家重点研发计划青年科学家项目负责人，北京高校优秀共产党员，北京理工大学工业与智能系统工程研究所副所长。日本会津大学客座研究员，美国密歇根大学访问学者。中国图学学会第八届数字孪生专业委员会委员、《机械设计》青年编委会委员、中国机械工程学会高级会员、IEEE System Man Cybernetics Soft Computing专业委员会委员。针对复杂装备智能化研发平台的发展需求，以知识工程和机器学习为技术主线，围绕复杂装备设计过程表征、预测、优化及智能人机交互等，长期开展知识驱动的智能设计技术研究与工业软件开发、应用。作为项目负责人与课题负责人承担国家重点研发计划项目、国家自然基金，北京市自然基金，国防基础加强、国防重大、重点基础科研等项目十余项，形成了具有自主知识产权的装备智能设计系统，并应用于航天、兵器、船舶、电子等多个行业，获得国防科技进步奖一等奖、二等奖、三等奖各一项。在相关领域发表学术论文80余篇，获批国家发明专利27项，软件著作权12项。
坚持将科研优势转化为育人能力，荣获北京高校优秀共产党员称号，获得国家教育教学成果奖二等奖1项，北京市教育教学成果奖一等奖1项，校级教育教学成果奖6项。依托主持的北京市教育教学改革项目，针对工业工程专业构建了覆盖40余门课程的专业知识图谱。承担的运筹学课程连续获得北京市教学创新大赛一等奖、北京市优质本科教案、首批研究型课程认证、首批课程思政示范课、国际一流课程对标建设课程。
研究方向：知识工程、优化设计、创新设计、人机交互
招收方向：欢迎具有机械工程/工业工程/数学/计算机科学/软件工程等背景的同学报考硕士和博士研究生。
代表性论文及研究项目
一、最新科研论文
最新论文请进入：ResearchGate
详细个人简历请进入：个人简历
二、代表性科研项目
1. 知识与数据融合驱动的复杂产品一体化设计技术，2021-2024
2. 规模化教育知识图谱及可演进知识空间智能构建技术，2024-2026
3. 国防基础加强，小样本数据驱动的XX性能预示技术，2020-"
中国人民解放军军事科学院国防科技创新研究院,陈献琪,https://zh.wikipedia.org/wiki/%E4%B8%AD%E5%9B%BD%E4%BA%BA%E6%B0%91%E8%A7%A3%E6%94%BE%E5%86%9B%E5%86%9B%E4%BA%8B%E7%A7%91%E5%AD%A6%E9%99%A2%E5%9B%BD%E9%98%B2%E7%A7%91%E6%8A%80%E5%88%9B%E6%96%B0%E7%A0%94%E7%A9%B6%E9%99%A2,
华南理工大学,张仕伟,https://www2.scut.edu.cn/smae/2021/0331/c21153a424206/page.htm,
武汉第二船舶设计研究所,张满弓,https://www.patentguru.com/cn/assignee/%E6%AD%A6%E6%B1%89%E7%AC%AC%E4%BA%8C%E8%88%B9%E8%88%B6%E8%AE%BE%E8%AE%A1%E7%A0%94%E7%A9%B6%E6%89%80-%E4%B8%AD%E5%9B%BD%E8%88%B9%E8%88%B6%E9%87%8D%E5%B7%A5%E9%9B%86%E5%9B%A2%E5%85%AC%E5%8F%B8%E7%AC%AC%E4%B8%83%E4%B8%80%E4%B9%9D%E7%A0%94%E7%A9%B6%E6%89%80?page=3,
天津理工大学,张磊,https://me.tjut.edu.cn/info/1060/1785.htm,"张磊
2021-09-23 08:46     (阅读量：7384)
姓名
张磊
出生年月
1981年10月
性别
男
学历学位
博士研究生在读/硕士
职称
副教授
导师类型
专硕导师
联系电话
13820715069
所属院系
机械工程系
Email
57640509@qq.com /微信号zhanglei_885
人才称号

学术兼职
天津市设计学学会副理事长兼秘书长；天津市机械工程学会理事兼工业设计分会秘书长；中国机械工程学会工业设计分会常务理事；《机械设计》杂志第五届编委会委员；《天津理工大学学报》编委；中国“好设计”奖专家委员会委员；北京理工大学、江南大学、燕山大学兼职硕士生导师等
招生专业
专业型：085500/机械
研究方向
（1）先进机械装备设计及理论（复杂机械装备结构可靠性设计、优化设计、轻量化设计、工程仿真分析；产品创新设计及理论等）；
（2）轨道交通装备设计及理论（列车车体结构轻量化设计、优化设计及工程仿真分析；车身气动外形设计与流场分析等）；
（3）先进人机工程及技术装备设计（智能座舱人机系统可靠性设计与分析、智能座舱柔性试验台研制、设计认知与神经人机交互技术等）
一、主要科研项目：
[1]天津市科技计划项目(12ZXCXGX19100)：基于人机工程与力学仿真技术系统开发的高端自行车（2012-2014），主持
[2]天津市科技型中小企业专项资金项目(12KQZZGX0049)：以先进制造技术为依托的高端自行车鞍座（2012-2014），主持
[3]国家社会科学研究文化部项目(13DG40)：中国古典家具的数字化保护与虚拟展示平台研究（2013-2018），主持
[4]中国汽车工业工程有限公司科技开发项目(ZF2014-GY-01-124(2))：中汽底盘合装AGV研制（2018-2019），主持
[5]机械工业第四设计研究院有限公司科技开发项目(C2018-110GY-207(1)-s)：汽车合装吊具结构与造型优化（2018-2019），主持
[6]中国中车股份有限公司科技研究开发计划项目子课题(170185100060)：面向轨道车辆智能CAID软件的三维组件数据系统开发（2018-2021），主持
[7]中国汽车工业工程有限公司科技开发项目(ZF2014-GY-01-124(2))：8种汽车总装装备工业设计技术优化（2020-2021"
大连理工大学,刘富文,http://faculty.dlut.edu.cn/sxg/zh_CN/xsxx/828145/list/index.htm,"刘富文
贾政楠
李一阳
周威豪
韩畅阳
张建华
邱一鸣
周长安
刘佳晨
王梦麟
黎柿汪
崔鹏
赵永刚
张杨
邹亚男
王鑫
王浩然
项晓敏
王荣誉
范中磊
兰海兵
陈超
李洁翎（
杜丽（协
孔翔（协
李二洋（
邹年华
贾兆柱
李建飞
郭佳鹏
陈力智
郝佳瑞
高玉琼
张伟
辽ICP备05001357号 地址：中国·辽宁省大连市甘井子区凌工路2号 邮编：116024
版权所有：大连理工大学
手机版 访问量：0000670370次
开通时间： 2016.9.9
最后更新时间： 2024.3.21"
合肥工业大学,李伟,http://faculty.hfut.edu.cn/welly/zh_CN/index.htm,"李伟  (副教授)
119
硕士生导师
所在单位：智能制造工程系
学历：研究生(博士)毕业
办公地点：合肥工业大学屯溪路校区机械楼407
性别：男
学位：博士学位
在职信息：在职
毕业院校：华中科技大学
访问量：0000003383
最后更新时间：2024.4.12
    首页
科学研究
教学研究
获奖信息
其他栏目
中文
个人简介
李伟，安徽六安人，1992年2月生，工学博士，博士后，副教授，硕士生导师，黄山学者学术骨干。2020年6月博士毕业于华中科技大学机械科学与工程学院。2020年至2023年就职于重庆大学机械与运载工程学院，任弘深青年教师。中国机械工程学会高级会员，IEEE会员。主要研究方向为智能设计优化及其在工程中的应用。主持国家自然科学基金青年基金项目和重庆市科技创新重点项目等5项。参与国家自然科学基金面上项目以及国家重点研发计划课题等10余项。发表SCI/EI论文70余篇，在Engineering、Advanced Engineering Informatics、Structural and Multidisciplinary Optimization、Engineering With Computers、Electrochimica Acta、IEEE Transactions on Transportation Electrification、IEEE Transactions on Automation Science and Engineering、Energy、Applied Thermal Engineering、Journal of Energy Storage、Case Studies in Thermal Engineering、Engineering Optimization、ASME Journal of Mechanical Design、ASME Journal of Electrochemical Energy Conversion and Storage、ASME Journal of Thermal Science and Engineering Applications、ASME Journal of Computing and Information Science in Engineering等国际知名SCI期"
北京理工大学,代俊,https://www.x-mol.com/university/faculty/234274,"代俊
代俊 副教授 博士生导师 收藏 完善纠错

北京理工大学    机电学院
登录后才能查看导师的联系方式，马上登录...
个人简介
教育背景
2010/10-2013/09 日本东京大学 机械工程 博士研究生 （国家公派留学）
2008/09-2010/06 北京理工大学 机电学院 机械电子工程专业 硕士研究生 （推荐免试）
2004/09-2008/06 南昌大学 机电工程学院 机械设计制造及其自动化专业 本科

工作经历
2021/10至今 北京理工大学 机电学院 副教授 博士生导师
2018/07-2021/09 北京理工大学 机电学院 副教授 硕士生导师
2019/07-2019/09 东京大学 新领域创成科学研究科 客座研究员
2014/03-2018/06 北京理工大学 机电学院 讲师 硕士生导师

代表性学术奖励
代俊，Fiscal 2019 JASSO Follow-up Research Fellowship，Japan Student Services Organization (独立行政法人 日本学生支援机构), 其他, 国际学术奖, 2019
张薇红; 隋丽; 严慎武; 牛少华; 代俊, 某型机电触发引信, 国防科学技术进步三等奖, 2019
张薇红; 隋丽; 严慎武; 牛少华; 代俊, 某型机电触发引信, 中国兵器工业集团科学技术进步三等奖, 2019
代俊（研究生导师）, 《中国兵工学会第二十届引信学术会议论文集》优秀论文, 中国兵工学会引信专业委员会, 2017.11
代俊（研究生导师）, 制导与引信信息网15011学会优秀论文奖, 制导与引信信息网, 2015.07
代俊（唯一指导教师）, 第十届国际大学生iCAN创新创业大赛2016年总决赛二等奖, 国际大学生iCAN创新创业大赛组委会, 其他, 国家二等奖, 2016.10
代俊（唯一指导教师）, 第十二届iCAN国际创新创业大赛北京赛区决赛二等奖, iCAN国际创新创业大赛中国组委会, 其他, 省部二等奖, 2018.09.28
代俊（唯一指导教师），北京理工大学第十七届挑战杯全国大学生课外学术科技作品竞赛二等奖，2021.05
Dai Jun, Excellent Poster For the presentation of Fabrication of Nanowire "
山东大学,马嵩华,https://www.mech.sdu.edu.cn/info/1128/121097.htm,"马嵩华
发布时间：2015-06-02 17:21:41    作者：    点击：[15695]
姓名 马嵩华
性别 女
                                          出生年月 1985.12
行政职务
学历 研究生 学位 博士
专业技术职务及任导师情况  副研究员，硕士研究生导师
所在一级学科名称  机械工程
所在二级学科名称  机械制造工业工程
  国内外学习和工作经历
国内外学习和工作经历
2004.09～2008.07  山东大学机械工程学院，获工学学士学位；
2008.09～2014.07  清华大学机械工程学院，获工学博士学位；
2014.07～至今     山东大学机械工程学院，师资博士后，助理研究员。
  主讲课程
本科生课程：工程制图、指导生产实习和毕业设计。
  研究领域
研究兴趣：CAD/CAM、现代设计理论、知识工程、工程变更管理、企业信息化。

承担科研项目情况
主持项目
1.国家自然科学基金（51505254），2016.1~2018.12；
2.山东省自然科学基金（优秀中青年科学家科研奖励基金）（BS2015ZZ004），2015.12~2017.12；
3.中国博士后科学基金(二等)(2015M572022)，2015.04~2017.04；
4.山东大学基本科研业务费(2015GN008)，2014.10~2017.12；
参与项目
1.山东省科技发展计划（中美国际合作项目）（2013GHZ30305）2016.1~2015.12；
2.国家自然科学基金(51175287)，2012.01~2015.12；
3.国家高技术发展计划（863计划）(2006AA04Z112)，2006.01~2008.12。
  近期主要的代表性论文、著作、专利
以第一作者发表论文9篇，其中SCI论文4篇，EI论文4篇，核心1篇。
【代表性期刊论文】
[1] Ma S, Jiang Z, Liu W. Evaluation of a design property network-based change propagation routing approach for mechanical product development. Advanced Engineering Informatics, 2016, "
湖南科技大学,唐皓,https://jd.hnust.edu.cn/szdw/grxx/aae7be6f3e474d03801507f1bade49ff.htm,"唐皓
发布时间：2022-03-11访问量
唐皓，男，1988年生，博士、副教授，硕士研究生导师，入选湖南科技大学“高层次人才”计划（奋进学者），主要研究方向为复杂精密运动系统误差与精度分析。
办公室：湖南科技大学立功楼A410
手机号码: 13808471902
E-mail: tanghao@hnust.edu.cn
受教育经历：
2013/09 – 2015/03, University of Michigan, Ann Arbor (US) 联合培养博士
2011/09 – 2016/11, 中南大学, 机电工程学院, 博士
2009/09 – 2011/06, 中南大学, 机电工程学院, 硕士
2005/09 – 2009/06, 东华大学, 机电工程学院, 学士
研究工作经历：
2017.12–至今, 湖南科技大学, 机电工程学院, 讲师
2016.12–2017.12, 湖南科技大学, 机电工程学院, 助教
承担了国家自然科学基金青年科学基金“基于误差流理论的多自由度精密运动平台误差建模与设计研究（2018-2020，51705149，主持）”，湖南省自然科学基金“光电子封装系统多自由度精密运动平台误差分析与设计研究（2018-2020，2018JJ3168，主持）”；参与了NSF（美国自然科学基金）“High-performance micromachining of glass using electrochemical discharge machining (ECDM) for MEMs applications”，主要负责加工平台的误差建模研究；国家高技术研究发展计划（863计划） “聚合物微纳系统制造技术及装备”，主要负责运动系统误差与精度分析过程（2012AA040406）等项目。以第一作者在《International journal of machine tools and manufacture》、《IEEE TRANSACTIONS ON SYSTEMS, MAN, AND CYBERNETICS: SYSTEMS》、《中国机械工程》等重要学术期刊发表或录用论文10篇。2018年2月获得International journal of machine tools and manufacture期刊审稿人贡献奖。入选湖南科技大学20"
西安交通大学,赵强强,https://gr.xjtu.edu.cn/web/zhaoqiangqiang,"赵强强
  助理教授 （青年优秀人才A类）
入选中国科协“青托”
西安交通大学机械学院
设计科学与基础部件研究所
现代设计与转子轴承系统教育部重点实验室
高端装备数字化设计与制造团队
（团队学术带头人：洪军教授）
联系方式
邮箱：qzhao21@xjtu.edu.cn
地点一：陕西省西安市雁塔区雁翔路99号 西安交通大学曲江校区智能制造创新中心南一楼A座 
  地点二：陕西省西安市长安区河堤路 中国西部科技创新港力行楼（2号巨构）
    站点计数器
基本情况简介
赵强强，助理教授，西安交通大学“青年优秀人才”A类，本硕博就读于西安交通大学，入选中国科协“青年人才托举工程”，获西安交通大学“优秀研究生标兵”与陕西省“优秀博士毕业生”，美国约翰霍普金斯大学访问学者，中国机械工程学会成组与智能集成技术分会副秘书长，数字孪生青年学者（中国）委员会常务委员，主要从事精密装配与计算力学、不确定性量化与可靠性分析、小样本机器学习、机器视觉测量、大型航天柔性可展开机构精度调控等研究，主持国家自然科学基金、国家重点研发子课题、GF基础预研项目子课题、中国科协“青托”项目、陕西省青年基金以及横向课题等项目10余项，发表SCI/EI论文30余篇，获国家授权发明专利10余项，登记软件著作权4项。
教育经历
2017.03-2021.03     西安交通大学    机械工程，长学制博士阶段，导师：洪军教授
2018.09-2020.09     Johns Hopkins University(美国约翰∙霍普金斯大学)联合培养，Gregory Chirikjian教授
2015.09-2017.01     西安交通大学 机械工程，长学制硕士阶段（保研），导师：洪军教授
2011.08-2015.06     西安交通大学 机械工程及自动化专业，大学本科
工作经历
2021 -  至今   西安交通大学，机械工程学院，助理教授
研究领域
1、精密装配与计算力学
2、不确定性量化与时变可靠性分析
3、小样本机器学习
4、机器视觉测量
5、大型航天柔性/刚性可展开机构精度调控
荣誉奖励
1、荣获中国科协“青托”人才计划
2、西安交大青年优秀人才A类
3、西安交通大学优秀研究生标兵（学生在校最高个人荣誉）
4、陕西省高校优秀毕业生
5、荣获2019与2020年度博士研究生国家奖学金
6、博士论"
西南交通大学,张海柱,https://faculty.swjtu.edu.cn/zhanghaizhu/zh_CN/index.htm,"张海柱 副教授
53
硕士生导师
个人信息
Personal Information

教师英文名称：haizhu zhang
入职时间：2019-05-22
学历：博士研究生毕业
学位：工学博士学位
在职信息：在岗
毕业院校：西南交通大学
学科：机械制造及其自动化
所在单位：机械工程学院
联系方式
Other Contact Information
邮箱 : zhanghaizhu@swjtu.edu.cn
同专业硕导
报考该导师
个人简介
Personal Profile
张海柱，工学博士，副教授，中国机械工程学会机械设计分会青年委员。主要从事复杂装备智能设计与系统集成设计、模块化定制设计、数字孪生等相关领域研究。主持国家自然科学基金青年基金项目1项、四川省重点研发项目1项、国家重点研发计划子任务1项、四川省重点研发计划子课题1项，中车长客、中车工业研究院等企业横向课题5项，参与国家自然科学基金面上项目、国家重点研发计划项目、国家863计划项目等10余项科研项目。发表学术论文40篇，其中SCI/EI检索19篇，出版专著2部，以第一发明人授权发明专利9项，以第2起草人参与制定团体标准1项。参与获得吉林省科技进步一等奖1项、中国铁道学会特等奖2项、中国交通运输协会一等奖1项。担任《机械设计》、《Advanced Design Research》期刊青年编委。

教育经历
Education Background
工作经历
Work Experience
2011.9
2017.6
西南交通大学
机械制造及其自动化
工学博士学位
2007.9
2011.6
西南交通大学
机械制造及其自动化
工学学士学位
研究方向
Research Focus
社会兼职
Social Affiliations
复杂机电装备系统集成设计
复杂产品模块化定制设计
智能设计与数字孪生
团队成员
Research Group
团队名称：复杂装备数字化设计与制造团队
黎荣
丁国富
Copyright © 2019 西南交通大学. All Rights Reserved.蜀ICP备05026985号
犀浦校区地址：中国四川省成都市郫都区犀安路 999 号    邮编：611756
川公网安备51010602000061号
技术支持：信息化与网络管理处
手机版 访问量：0000012366次
开通时"
上海交通大学,陈卫星,https://me.sjtu.edu.cn/teacher_directory1/chenweixing.html,"陈卫星 副教授
所在系所重大装备设计与控制工程研究所
办公电话
通讯地址机械与动力工程学院A楼913室
电子邮件wxchen@sjtu.edu.cn
个人主页
教育背景
2011.09-2016.09 上海交通大学，机械工程, 博士
2007.09-2011.06 中国矿业大学，机械工程及自动化，学士
工作经历



研究方向







科研项目













代表性论文专著




































教学工作


软件版权登记及专利


















学术兼职

荣誉奖励










网站声明|友情链接|联系我们|流量统计
Copyright © 2016 上海交通大学机械与动力工程学院 版权所有
分享到
Email：sjtume@sjtu.edu.cn
地址：上海市东川路800号上海交通大学闵行校区机械与动力工程学院
邮编：200240"
大连理工大学,鲁业明,https://faculty.dlut.edu.cn/luyeming1/zh_CN/index.htm,
浙江大学,李樵风,http://sklofp.zju.edu.cn/,"李樵风
国家青年人才 研究员
机电部件及系统创新设计
郑永嘉
国家青年人才 研究员
智能机电单元及系统
Previous
Next
查看更多+
快速导航
浙江大学
浙江大学机械工程学院
浙江大学机械电子工程系
本站导航
国重简介
科研团队
科学研究
合作交流
开放平台
新闻中心
快速导航
友情链接
中国科学技术部
中华人民共和国教育部
国家自然科学基金委员会
《生物设计与制造》
联系我们
浙江省杭州市西湖区余杭塘路866号 浙江大学紫金港校区开物苑5-311
邮编：310027
电话：+86-571-87952274
传真：+86-571-87951941
邮件：benzjh@zju.edu.cn
版权所有：CopyRight@2014浙江大学机械电子控制工程系"
大连理工大学,刘海涛,http://faculty.dlut.edu.cn/liuhaitao/zh_CN/index.htm,"刘海涛
175
个人信息
Personal Information
副教授
博士生导师
硕士生导师
主要任职：Associate Professor
性别：男
毕业院校：大连理工大学
学位：博士
所在单位：能源与动力学院
学科：动力机械及工程. 流体机械及工程
办公地点：大连理工大学西部校区能源与动力学院619
联系方式：htliu@dlut.edu.cn
电子邮箱：htliu@dlut.edu.cn
扫描关注
同专业博导
同专业硕导
个人简介
Personal Profile
大连理工大学能源与动力学院副教授、博士生导师，大连理工大学“星海青千”。2016年10月毕业于大连理工大学，获得博士学位及“辽宁省优秀博士学位论文”。2016年10月到2019年11月在新加坡南洋理工大学Rolls-Royce@NTU Corp Lab担任Research Fellow。2019年11月加入能源与动力学院叶轮机械及流体工程研究所，现为研究所副所长。
近年来，围绕大型能源装备（如屏蔽电机核主泵、大型离心压缩机、燃机、大型制氢反应器、大功率风机、工业锅炉等）数字化设计、孪生建模和健康管理，发表高水平论文40+，其中ESI高被引论文2篇，影响因子>14的论文7篇，Google学术引用2000+，申请/授权发明专利6项。获得辽宁省优秀博士学位论文，2022年大连市技术发明一等奖，全国能源动力类专业百篇优秀毕业论文指导教师，“首届全国博士后创新创业大赛”优胜奖。目前担任SCI期刊IEEE Transactions on Emerging Topics in Computational Intelligence（IF：5.3）副主编（Associate Editor）。

Dr Liu received the Ph.D. degree from the School of Energy and Power Engineering, Dalian University of Technology, China, in 2016. From 2016 to 2019, he was a research fellow with Rolls-Royce@NTU Corp Lab at Nanyang Technological University, Singapore. He is cur"
三峡大学,董元发,https://www.scholarmate.com/P/2QRju2?,"董元发
科研之友号:
77190313
三峡大学, 教授
主页
成果
https://www.scholarmate.com/P/2QRju2
share
6
项目
112
成果
1455
阅读
0
下载
106
被引
5
H-指数
个人简介
董元发，男，博士，教授，博士生导师，三峡大学机械与动力学院副院长、三峡大学智能**创新技术中心主任，三峡学者，三峡大学十大杰出青年，湖北省青年科技晨光计划人才入选者，中国机械工程学会工业大数据与智能系统分会委员、中国仿真学会智能仿真优化与调度专委会委员，中国图学学会数字孪生专委会委员、湖北省机电工程学会理事，湖北省机械工程教育工作委员会委员。
近年来，主持国家自然科学基金项目2项、湖北省自然科学基金2项，参与国家重点研发计划项目1项，发表相关高水平论文40余篇、参编国际标准IEEE P3147《产线变型设计实践推荐标准》1部、授权发明专利8项、授权实用新型专利及软件著作权20余项；获湖北省教学成果二等奖1项、湖北省科技进步三等奖1项。
学科分类
机械设计学
制造系统与智能化
机器人学与智能系统
关键词
用户体验
需求转换
感性工学
情感化设计
设计表达
虚拟现实
制造服务
资源虚拟化
云制造
制造业信息化
工作经历
三峡大学
机械与动力学院, 教授, 2023-01至现在
三峡大学
机械与动力学院, 副教授, 2017-07至2022-12
University of Warwick
WMG, Research Fellow, 2016-09至2017-08
三峡大虚
机械与动力学院, 讲师, 2014-04至2017-06
教育经历
重庆大学
机械**及其自动化, 博士研究生, 2011-01至2013-12
重庆大学
机械**及其自动化, 硕士研究生, 2009-09至2011-01
重庆大学
机械设计**及其自动化, 本科, 2005-09至2009-07
代表成果
Requirement elicitation in product emotional design using fuzzy clustering and fuzzy cognitive model
Yuanfa Dong*; Guo, Gang; Liu, Wenrong
Proceedings of the Institution of Mechani"
上海交通大学,马进,https://icst.sjtu.edu.cn/DirectoryDetail.aspx?id=6,"马进
高级工程师
021-34204532
majin@sjtu.edu.cn
闵行校区综合实验楼2号楼505B办公室
个人主页
个人简介
研究方向
获奖情况
科研项目
学术兼职
科研成果
博士，高级工程师，硕士生导师，国际注册信息系统审计师（CISA），美国加州大学圣地亚哥分校（UCSD）访问学者。上海交通大学网络安全技术研究院副院长，网络信息安全管理与服务教育部工程研究中心副主任，中国网络空间安全协会人才培养教育工作委员会副秘书长，上海市信息安全综合管理技术研究重点实验室副主任。

长期从事大数据与人工智能应用、智能网联汽车信息安全、网络空间安全综合管理新技术等领域的前沿基础研究工作。近年来，作为项目负责人和核心骨干主持及参与国家863计划信息安全重大项目、国家重点研发计划“网络空间安全”重点专项、国家自然科学基金、中央网信办、国家人力资源和社会保障部、中国信息安全测评中心、上海市人力资源和社会保障局、上海市经信委、华为技术有限公司等60多项国家/省部级课题；发表高质量学术论文30余篇；获得9项国家技术发明专利授权；编著《网络安全在身边》、《数据警察导论》、《数据分析基础》等专著；曾获上海市科技进步一等奖1项、二等奖1项，上海市优秀教学成果二等奖1项，上海交通大学晨星青年学者奖励计划SMC优秀青年教师，上海交通大学教学成果特等奖1项、二等奖1项，上海交通大学电院优秀共产党员。
友情链接：
上海交通大学
Copyright 2020 © 上海交通大学-网络安全技术研究院 沪交ICP备20200261"
广州大学,蔡习文,https://jd.gzhu.edu.cn/yjsjy/dsjs.htm,"蔡习文
曹流
程乐峰
陈凯锐
陈洋
陈达奇
常家庆
陈首彦
G
桂珍珍
H
黄卫清
胡晓
黄文恺
黄家乐
J
江帆
L
梁忠伟
刘晓初
柳晶晶
刘贵云
李致富
刘长红
李方义
刘征
赖添茂
龙尚斌
路瑞娥
陆文甜
李萍
刘朝阳
蓝雪婧
M
孟晓波
马鸽
O
欧阳海滨
P
彭凌西
S
沈腾
石坚
T
陶建华
W
王晓刚
吴文强
王文龙
吴文波
王孝伟
王锐坤
王建晖
王亚飞
X
向建化
夏淑炎
Y
杨汝
杨红
岳夏
Z
邹涛
朱大昌
张春良
张建辉
朱萍玉
郑文
赵志甲
张帆
周琰
钟晓静
广州大学机械与电气工程学院
地址：广州市番禺区大学城外环西路230号
联系电话：020-39366923
邮箱：jd@gzhu.edu.cn
© 2018 All Rights Reserved.
快速链接
> 广州大学 > 图书馆
> 教务在线 > 网站地图
> 联系我们 > 返回顶部
>
微信公众号"
西安理工大学,王建磊,https://jyxy.xaut.edu.cn/info/1179/2622.htm,"王建磊
职 称:
副教授
硕导/博导:
硕导
电子信箱:
jlwang@xaut.edu.cn
办公电话:

办公室:
教1-319
个人主页:

个人简历
河南省周口人，工学博士。硕士、博士分别毕业于西北工业大学、西安交通大学。2014年进入西安理工大学工作，机仪学院机械设计系副主任。
工作经历
2014-至今 西安理工大学机仪学院机械设计系 讲师、副教授
教学工作
主要承担课程《机械设计》、《机械设计基础》、《机械优化设计》和《创新方法与应用》的本科教学工作。
研究方向
1. 密封-轴承-转子系统动力学
2. 润滑理论及密封技术
3. 现代设计理论、技术及应用
科研项目
主持、参与科研项目10余项。包括科技部创新方法工作专项、重点研发计划等。主持企业委托课题有：核电振动故障机理深化计算、低速重载风电轴承的结构创新设计与性能计算、660MW超（超）临界机组轴系动力学特性计算、高速低温介质流体动压密封性能计算及结构创新等。
学术及科研成果
近年来，在国内外学术刊物及国际会议上发表文章10余篇；授权专利10余项。



Copyright © 2016- 2019  机械与精密仪器工程学院
地址：西安市金花南路5号 邮编：710048
联系电话：029-82312212 技术支持：博达软件"
复旦大学,费成巍,https://aero-mech.fudan.edu.cn/9e/22/c25829a171554/page.htm,"费成巍
发布时间：2021-09-02浏览次数：17939



个人概况： 
姓  名：费成巍 博士，青年研究员，博导
职  位：青年研究员
单  位：复旦大学
地  址：中国上海杨浦区邯郸路220号 复旦大学 光华楼东主楼2517室
电  话：021-65643180
Email：cwfei@fudan.edu.cn 
个人网站：https://scholar.google.com.hk/citations?hl=zh-CN&user=emHi_gsAAAAJ（Google Scholar）
https://orcid.org/0000-0001-5333-1055 (ORCID)
研究方向：
长期致力于飞机/航空发动机结构设计、可靠性与健康管理的关键技术研究，旨解决飞机及航空发动机健康管理、智能运维与可靠性设计等领域的前沿科学问题与工程技术难题，支撑国家重点型号飞机或航空发动机研制。主要研究方向包括：
Ø 异构异质多尺度增材制造、先进结构设计技术
Ø 结构强度与可靠性评估、设计优化技术
Ø 智能运维及健康管理技术
Ø 大数据技术、数字孪生技术与智能学习方法及应用
招生专业：
Ø 学术型博士研究生：航空宇航科学与技术
Ø 学术型硕士研究生：航空宇航科学与技术
Ø 专业型博士研究生：电子信息（飞行器设计方向）
Ø 专业型硕士研究生：电子信息（飞行器设计方向）
主要学习/工作经历：
※ 2020/08至今 复旦大学 航空航天系 青年研究员/博导；
※ 2018/10-2020/08 复旦大学 航空航天系 青年研究员/硕导；
※ 2017/12-2018/09 香港科技大学 机械与航空航天工程系，研究员（Research Fellow）；
※ 2015/12-2017/12 香港理工大学 机械工程系，博士后研究员；
※ 2014/09-2015/11 香港理工大学 机械工程系，副研究员（Research Associate）；
※ 2010/09-2014/07 北京航空航天大学 航空宇航推进理论与工程专业，工学博士；
※ 2007/09-2010/03 沈阳航空航天大学航空宇航推进理论与工程，工学硕士；
※ 2003/09-2007/07 福建理工大学（原福建工程学院），电气工程及其自动化，本科。
开设课程：
本科生：《航空发动机原理》、《航空燃气涡轮机结构设计》
"
安徽农业大学,赵刚,https://gxy.ahau.edu.cn/szdw/clgcx.htm,
北京航空航天大学,张超,https://shi.buaa.edu.cn/zhangchao/zh_CN/index.htm,"张超 ( 副研究员 ) 赞38
的个人主页 http://shi.buaa.edu.cn/zhangchao/zh_CN/index.htm
  副研究员   博士生导师   硕士生导师


教育经历
[1].
2004.9 -- 2008.6
北京航空航天大学       机械工程       大学本科毕业       学士学位
[2].
2008.9 -- 2009.6
北京航空航天大学       机械工程       硕士研究生结业
[3].
2012.9 -- 2013.8
阿尔伯塔大学       机械工程       研究生教育       联合培养博士
[4].
2009.9 -- 2014.6
北京航空航天大学       机械工程       博士研究生毕业       博士学位
工作经历
[1].
2019.7 -- 至今
北京航空航天大学      前沿科学技术创新研究院      副研究员      在职
[2].
2014.7 -- 2019.6
北京航空航天大学      自动化科学与电气工程学院      讲师      在职
社会兼职
[1].
2021.12 -- 至今
中国运筹学会可靠性分会 副秘书长
研究方向
[1] 维修决策
[2] 可靠性理论与可靠性试验
[3] 机电系统流体动密封技术
[4] 液压系统故障诊断与寿命预测
[5] 加速寿命试验
其他联系方式
团队成员
团队名称：
机电系统健康服役与可靠性实验室
版权所有 2014-2022 北京航空航天大学  京ICP备05004617-3  文保网安备案号1101080018
地址：北京市海淀区学院路37号  邮编：100191  电话：82317114"
北京科技大学,伍毅,https://me.ustb.edu.cn/shiziduiwu/jiaoshixinxi/2022-11-11/668.html,
大连理工大学,"胡正国（汇报）
 宋学官（导师）",http://faculty.dlut.edu.cn/sxg/zh_CN/xsxx/828145/content/216207.htm,
大连理工大学,"王沐晨（汇报）
宋学官（导师）",https://faculty.dlut.edu.cn/sxg/zh_CN/xsxx/828145/content/218077.htm,
大连理工大学,张帅,http://faculty.dlut.edu.cn/sxg/zh_CN/xsxx/828145/content/211960.htm,"张帅
点击次数：
学号：12104062
所学专业：机械设计及理论
学历：博士研究生
学位：博士
状态：在校
入学日期：2021-09-01
上一条：李鹏
下一条：梁朋伟
辽ICP备05001357号 地址：中国·辽宁省大连市甘井子区凌工路2号 邮编：116024
版权所有：大连理工大学
手机版 访问量：0000670372次
开通时间： 2016.9.9
最后更新时间： 2024.3.21"
大连理工大学 ,"庞勇（汇报）
宋学官（导师）",https://faculty.dlut.edu.cn/sxg/zh_CN/xsxx/828145/content/218077.htm,
东华大学,周笛,https://meccol.dhu.edu.cn/2022/0527/c18681a296139/page.htm,"周笛
发布者：邓士豪发布时间：2022-02-01浏览次数：2158
姓名：
周笛
个人简介：
男，工学博士，讲师，本科与博士就读于东北大学机械工程与自动化学院，于上海交通大学机械与动力工程学院从事博士后工作。2022年加入东华大学机械工程学院。
研究方向：
可靠性工程；故障智能诊断与健康管理；剩余寿命预测；
学术兼职：
中国图学学会计算机图学专业委员会高级会员；中国运筹学会可靠性分会普通会员；中国系统工程学会可靠性分会普通会员；
主讲课程：
《虚拟样机技术及应用》(本科生)、《设计与制造》（本科生）、《现代设计方法》(研究生)
获奖情况：
2023年中国质量协会质量技术二等奖
比赛情况：
作为指导教师带队，2023年清华大学第十八届“东风日产杯”清华IE亮剑全国工业工程应用案例大赛，获全国二等奖；2023年中国大学生机械工程创新创意大赛工业工程与精益管理创新赛，获全国三等奖；第七届上海市工程管理创新大赛，获上海市一等奖。
科研成果：
项目 ：
主持国家自然科学基金青年基金1项，省部级项目2项。同时，参加多项国家自然科学基金面上项目，国家重点研发计划项目、973项目和国家科技支撑计划项目等。
1、国家自然科学基金青年项目: 考虑混合不确定性的采煤机截割部时空特征下动态可靠性与维护优化, 2021.01-2023.12, 项目负责人.
2、航空动力装备振动及控制教育部重点实验室开放课题: 大数据驱动航空发动机健康状态多尺度智能预测研究, 2022.01-2023.12, 项目负责人.
3、上海市科委项目: 全流程机理和数据的双驱动精确建模技术, 2022.09-2024.09, 课题负责人.
4、国家重点研发计划: 钢铁全流程多工序动态协同运行优化技术及示范应用, 2019.11-2023.10, 核心参与成员.
5、国家自然科学基金面上项目: 考虑多源衰退的自动化码头换电式 AGV 维护与调度联合决策, 2021.01-2021.12, 核心参与成员.

论文 ：
发表论文二十余篇，多次于国际学术会议分会场做学术报告，近期部分论文如下：
1、D Zhou, Z Chen, E S Pan, Y M Zhang, Dynamic statistical responses of gear drive based on improvedstochastic iterat"
东南大学,李冰珏,https://me.seu.edu.cn/lbj_50396/listm.htm,"李冰珏副教授硕士生导师
所在院系:机械设计工程系
办公室:机械楼355
电话:
邮箱:libj@seu.edu.cn
个人简介
基本情况｜Basic Information
李冰珏，副教授、硕导，2017年博士毕业于美国代顿大学机械与航空航天工程系，同年入职东南大学机械工程学院机械设计系。主持国自然青年基金等科研项目，在Carbon, Soft Robotics, JMD, JMR等期刊发表SCI论文21篇，在ASME IDETC等学术会议发表论文5篇，授权发明专利2项。主持《机械制图》在线开放课程，获省微课竞赛三等奖、校微课竞赛一等奖、闽瑜奖教金、“优秀班主任”称号、代顿大学Outstanding Ph.D. Research Award等荣誉。
专业方向为机械设计及理论、机构学，目前主要研究兴趣为各类可变形态的刚-柔-软耦合机构设计（实现方式包括但不限于刚性连杆机构、连续体机构、张拉整体机构、折纸机构、柔顺机构、柔性致动器等）、基于轮廓的形态测定学方法及其应用研究（方法包括可变形链、离散余弦变换、本轮圆等，应用对象包括二维/三维曲线、曲面，应用场景包括医学影像处理、生物分类、计算机图像生成等各类涉及形态分析的问题）。

Bingjue Li is an associate professor and master's supervisor who earned her Ph.D. degree in 2017 from the Department of Mechanical and Aerospace Engineering at University of Dayton. In the same year, she joined the Department of Mechanical Design at School of Mechanical Engineering, Southeast University. She has led research projects such as the National Natural Science Foundation for Young Scientists and has published 21 SCI papers in journals such as Carbon, Soft Robotics, "
广东海洋大学,肖小平,https://www.gdou.edu.cn/jnxy/info/1070/1752.htm,"肖小平、印四华博士科研启动费资助项目的公示
作者：印四华、肖小平 　　编辑：陈银怡 　　审核人：陈扬枝 　　来源：无 　　发布日期：2022-12-31
根据《广东海洋大学科研启动项目及经费管理办法》文件精神，经个人申报、专家评审，现将拟立项的高层次人才科研启动经费项目予以公示。公示期为五天，自2022年12月31日至2023年1月4日止。
公示期间，任何单位或个人如有异议均可通过实名方式向学院反映。
联系人：陈银怡
联系电话：0662-2162007


机械与能源工程学院
2022年12月31日

常用链接：
图书馆 教务处 财务处 科技处 研究生院 学校邮箱
友情链接
华南理工大学
北京理工大学
哈尔滨工业大学
北京航空航天大学
南京理工大学
南京航空航天大学
中山大学
广东工业大学
相关链接
广东海洋大学主页
广东海洋大学（阳江校区）主页
海大招生就业指导中心
联系我们
电 话：0662-2162220
E-mail：jnxy@gdou.edu.cn
地址：广东省 阳江市 江城区 罗琴路1号
邮政编码：529500
Copyright ©版权所有：广东海洋大学机械与能源工程学院"
国防科技大学,王前程,https://www.cstam.org.cn/static/file/20191227/20191227152250_821.pdf,
河北工业大学,张鹏,https://www.x-mol.com/university/faculty/262781,"张鹏
张鹏 副教授 硕导 收藏 完善纠错

河北工业大学    机械工程学院
登录后才能查看导师的联系方式，马上登录...
个人简介
张鹏，工学博士,副教授,硕士生导师，乐清市技术创新方法研究院院长，国家技术创新方法与实施工具工程技术中心复杂系统创新研究所所长，国家自然科学基金网评专家。主讲传感器及应用、近代检测技术、测控仪器设计和创新设计等本科课程。
教育经历工作经历
2006年9月-2010年1月，河北工业大学，机械制造及其自动化专业，博士；
2010年4月至2014年11月，河北工业大学，测控技术与仪器专业，讲师；
2014年12月至2016年11月，河北工业大学，测控技术与仪器专业，副教授；
2016年12月至今，河北工业大学，测控技术与仪器专业，副教授，系副主任
研究领域
查看导师最新文章 （温馨提示：请注意重名现象，建议点开原文通过作者单位确认）
主要从事复杂智能装备创新设计与数字化技术等方面的研究。
研究成果
    主持国家自然科学基金面上基金和青年基金项目各一项，主持河北省自然科学基金等省级项目三项。参与了科技部基础专项、863、国家自然科学基金项目、教育部博士点基金、河北省自然基金等纵向及横向科研项目7项。发表在《Advanced Engineering Informatics》、《机械工程学报》、《计算机集成制造系统》、《农业机械学报》、《Key Engineering Materials》、CIRP、IFIP、IEEE等期刊及国际会议上，近五年项目申请人发表论文20余篇，其中被SCI、EI检索10余篇，授权发明专利六项，申请发明专13项。
学术兼职
国家自然科学基金网评专家,乐清市技术创新方法研究院院长,创新方法研究院会员，《计算机集成制造系统》和《机械设计》等杂志审稿人。
我收藏的导师
>
最便捷的期刊搜索
>
免费课题组网站
>
推荐链接
查看河北工业大学机械工程学院更多老师
查看更多学校老师
超过8,000万篇英文文献供您搜索
最便捷的查找参考文献方式，通过DOI或期刊名+年+卷+页码，一键直达
学术期刊
行业资讯
全球导师
X-MOL问答
求职广场
网址导航
关于我们
帮助中心
客服邮箱：service@x-mol.com
官方微信：X-molTeam2
邮编：100098
地址：北京市海淀区知春路56号中航科技大厦
        "
河北工业大学,冯世哲,https://mes.hebut.edu.cn/szdw/jsml/lxx/a0aee935098c46e2af73e81895603149.htm,"冯世哲
时间：2022-01-08 来源： 作者： 访问量：9284
简介

冯世哲，男，河北工业大学机械工程学院讲师，硕导。
教育工作经历

2019.3-至今 河北工业大学 机械工程学院
2015.2-2019.2 中国矿业大学 机电工程学院
2005.9-2014.6 湖南大学 机械与运载工程学院

研究方向

高性能计算方法、疲劳可靠性、人工智能算法及工程应用。

研究成果
学术论文
1. Wang M.M, Feng S.Z., Atilla I., Grzegorz K., Li Z.X. Structural fatigue life prediction considering model uncertainties through a novel digital twin-driven approach. Computer Methods in Applied Mechanics and Engineering. 2022, 391: 114512 （Top 期刊）
2. Feng S.Z., Han X., Li Z.X., Atilla I. Ensemble learning for remaining fatigue life prediction of structures with stochastic parameters: A data-driven approach. Applied Mathematical Modelling. 2022, 101: 420-431 （Top 期刊）
3. Feng S.Z., Xu Y., Han X., Li Z.X., Atilla I. A phase field and deep-learning based approach for accurate prediction of structural residual useful life. Computer Methods in Applied Mechanics and Engineering. 2021, 383: 113885 （Top 期刊）
4. Feng S.Z., Han X., Ma Z.J., Grzegorz K., Li Z.X. Data-driven algorithm for real-time fat"
河南工业大学,朱亚威,https://jdxy.haut.edu.cn/info/1220/6916.htm,
河南科技大学,程立,https://www.facebook.com/wchengli/,"程立 
展开
好友
照片
视频
简介
工作
无工作地点可显示
大学
曾经就读：河南科技大学
2007 届
高中
无学校资料可显示
照片
所有照片
名为程立的其他用户
程立
程立
樂天居客
方程立
查看更多
其他名字相似的用户
To Cheng Ki
Heng Cheng
Lørñg Bēē
Richard Empleo
Cheng
Chập Cheng
Ши'Лян Юн'Ченг
Say Cheng
Co Cai Con Cac
Cheng
Cheng Tsis Muaj Xeem
隐私权政策
  · 服务条款
  · 广告
  · Ad Choices
  · Cookie
  · 更多
  · Meta © 2024
上 Facebook 查看更多内容
邮箱或手机号
密码
登录
忘记密码了？
或
新建账户"
华东交通大学,肖伟,https://rsc.ecjtu.edu.cn/info/1080/1585.htm,"肖伟、刘前结、钟纯、周林根9人为专任教师，现予以公示。公示时间自2022年5月25日至5月31日。如有异议，请于5月31日前向人事处或纪委机关反映。
联系电话：0791-87046804（人事处）
  0791-87046333（纪委机关）
华东交通大学拟聘用人员名单
序号
姓  名
性别
学历（学位）
毕业学校及专业
拟聘用
单位
1
许贝
女
博士研究生
（博士）
国防科技大学
机械工程
电气学院
2
袁亚龙
男
博士研究生
（博士）
东南大学
交通运输工程
交通学院
3
聂彪
男
博士研究生
（博士）
西安建筑科技大学
结构工程
交通学院
4
  陶俐芝
女
博士研究生
（博士）
湖南师范大学
地图学与地理信息系统
交通学院
5
彭志鹏
男
博士研究生
（博士）
长安大学
交通运输规划与管理
交通学院
6
肖伟
男
博士研究生
（博士）
湖南大学
机械工程
机电学院
7
刘前结
男
博士研究生
（博士）
厦门大学
车辆工程
机电学院
8
钟纯
男
博士研究生
（博士）
南京大学
中国哲学
马克思主义学院
9
周林根
男
博士研究生
（博士）
南京大学
社会学
马克思主义学院
    华东交通大学人事处
2022年5月25日  
  责任编辑：徐涛
通讯地址：江西省南昌市经济技术开发区双港东大街808号
邮  箱：hro@ecjtu.edu.cn
联系电话：0791-87046604
传  真：0791-87046800
华交教工微信公众号
版权所有权：华东交通大学 技术支持：江西行云科技有限公司"
华南理工大学,朱本亮,https://www.scholarmate.com/P/yMvmQr?,"朱本亮
科研之友号:
44710040
华南理工大学
主页
成果
https://www.scholarmate.com/P/yMvmQr
share
2
项目
213
成果
2456
阅读
23
下载
2277
被引
28
H-指数
学科分类
机器人与机构学
关键词
柔顺机构
拓扑优化
精密定位
微纳操作工具
工作经历
华南理工大学
机械与汽车工程学院, 讲师, 2016-01至现在
联系信息
phone
email
相关人员
查看更多
王日鑫
刘敏
华东交通大学, 副教授
金莫辉
华南农业大学, 讲师
张横
上海理工大学, 博士后
莫嘉嗣
华南农业大学, 副教授

关注科研之友
关于我们| 隐私政策| 服务条款| 联系我们
©2023 深圳市科研之友网络服务有限公司 粤B2-20110417 粤公网安备 44030502000213粤ICP备16046710号
爱瑞思软件(深圳)有限公司"
南昌大学,杜兴,https://teacher.ncu.edu.cn/publish/092998/,"杜兴
国籍：
中国
性别：
男
毕业院校：
重庆大学
职称：
讲师
学位：
博士
电子邮件：
duxing@ncu.edu.cn
所在单位：
先进制造学院
办公地址：
机电楼D421
个人信息
杜兴，男，1992年10月生，重庆大学机械传动国家重点实验室机械工程博士，南昌大学先进制造学院讲师，长期致力于行星滚柱丝杠、直线导轨等滚动功能部件的啮合机理、设计制造和测试等方面的研究，在《Tribology International》和《Mechanism and Machine Theory》等国际权威期刊发表SCI论文10余篇，授权发明专利3项；主持了江西省自然科学基金项目1项，教育部协同育人项目1项，作为骨干成员参与了航空发动机及燃气轮机重大专项、国家重点研发计划“智能机器人”重点专项等课题，担任《Tribology International》、《Chaos, Solitons and Fractals》、《 International Journal of Advanced Manufacturing Technology》和《Advanced Theory and Simulations》等国际期刊审稿人。
教育经历
[1] - 重庆大学机械传动国家重点实验室博士
工作履历
[1] - 2021年8月~至今 南昌大学先进制造学院 机械工程系
科研项目
[1] 复杂工况下行星滚柱丝杠副磨损失效机理及试验研究，江西省自然科学青年基金项目，10万，2023.01~2025.12 (主持)
[2] 智能设计与仿真技术课程与实践建设，教育部产学合作协同育人项目，5万，2022.09~2024.09 (主持)
科研成果
1、发表论文
[1]     Du Xing, Lu Shiyi, Tang Rui, Li Xiaobing, Miao Jiacheng, Wu Longyong, Yang Zan, Chen Bingkui. An efficient method for designing high-performance planetary roller screw mechanism with low contact stress. Tribology International, 2023, 108709. (SCI, 中科院一区Top IF：6.2)
["
"南昌大学
华中科技大学（博后）",谢贤达,https://mse.hust.edu.cn/szdw/bsh.htm,"谢贤达
何慕
徐伟
伍乘星
王超
陈航
李虎
刘齐浩
陈浩杰
李安
沙伟
罗未知
张涛
徐雄仕
张硕
田野
马贵君
刘灿宇
上页1下页
通讯地址：湖北省武汉市洪山区珞喻路1037号先进制造大楼
邮政编码：430074
联系电话：027-87543770
学院邮箱：mse@hust.edu.cn
友情链接
华中科技大学
广东华中科技大学工业技术研究院
湖北省专用汽车研究院
智能制造装备与技术全国重点实验室
华中科技大学无锡研究院
襄阳华中科技大学先进制造工程研究院
国家数字化设计与制造创新中心
武汉智能装备工业技术研究院
泉州华中科技大学智能制造研究院
国家智能设计与数控技术创新中心
关注我们
学院微信公众号
Copyright © 华中科技大学机械科学与工程学院 版权所有本网站所使用的方正字体由方正电子免费公益授权"
宁夏大学,侯才生,https://jxgc.nxu.edu.cn/info/1157/5332.htm,"侯才生 讲师
电　　话：
0951-2062998
邮　　箱：
houcs2019@163.com
办公地点：
文萃校区明远楼508室
个人简介
荣誉获奖
研究方向
论文专著与专利


友情链接
宁夏大学信息门户 宁夏大学本科生院 宁夏大学研究生院 宁夏大学科学技术研究院 宁夏大学资产与实验室管理处 宁夏大学教务运行保障部 宁夏大学图书馆 宁夏大学新闻网 上海交通大学机械与动力工程学院 西安交通大学机械工程学院
关于我们
E-mail: jxgc@nxu.edu.cn
联系地址：宁夏银川西夏区贺兰山西路539号
                 宁夏大学文萃校区
邮 编：750021
联系我们
综合办公室：0951-2062086
本科生培养办公室：0951-2062851
研究生培养办公室：0951-2062002
扫一扫关注我们
©CopyRight 2022，宁夏大学机械工程学院"
上海第二工大学,吴子豪,https://imce.sspu.edu.cn/2023/1213/c2852a124998/pagem.psp,
上海海事大学,王尧,https://ls.shmtu.edu.cn/2023/0911/c7569a215563/page.htm,"王尧
一、基础信息
个人简介：王尧，男，汉族，一九八八年一月生，山西平遥人，中共党员，工学博士、博士后、副教授。主要从事专业：机械设计及理论相关教学研究工作；主要研究方向：系统动力学与控制、接触力学、特种/医疗机器人系统设计等。
（一）个人基础信息
性别：男
出生年月：1988.01.21
职务：副教授
博硕导：硕士生导师
电子邮箱：wangyao@shmtu.edu.cn
联系电话：021-38282686
（二）教育经历
于太原科技大学机械工程专业，取得博士学位
于太原科技大学机械设计及理论专业，取得硕士学位
于太原科技大学机械设计制造及其自动化专业，取得本科学位
（三）工作经历
曾就职于上海交通大学机械与动力工程学院，博士后、助理研究员
（四）国际交流与合作经历
曾前往美国奥本大学（Auburn University，USA），任访问学者一年
（五）社会兼职
国家自然科学基金委员会函评专家、上海市科学技术委员会专家
二、科学研究
（一）研究领域及科研团队
研究领域：机械工程/机械设计及理论、工程技术学科/机械设计学
科研团队：人工智能系统与应用团队
（二）科研项目
[1] 国家自然科学基金青年项目（52105267），2022-2024，主持
[2] 企事业单位委托科技项目（H20220287），2022-2023，主持
（三）代表性论文成果
[1] Yao Wang, Zhuang Fu*, Jian Fei. Analyses for simulation-based solution of fluid-structure interaction in percutaneous coronary intervention[J]. Proceedings of the Institution of Mechanical Engineers, Part C: Journal of Mechanical Engineering Science, 2023, 237(15): 3343-3362. (SCI/EI)
[2] Rong-Li Xie, Yao Wang, Yan-Na Zhao, Jun Zhang, Guang-Biao Chen, Jian Fei*, Zhuang Fu*. Lung nodule pre-diagnosis and inser"
上海交通大学,毕尤一,https://www.ji.sjtu.edu.cn/cn/spotlight-zh/2020-03-04/88022/,"毕尤一，密院助理教授，2019年8月入职，美国普渡大学博士，西北大学博士后，研究方向包括：数据驱动设计，设计理论，设计优化，网络分析建模，决策理论，机器学习等，参与多项美国国家科学基金项目和汽车企业科研项目，发表国际期刊和会议论文15篇。
讲座题目：Data-driven Network Analysis and Modeling in Design for Market Systems
讲座简介：在高度竞争的市场中，产品、消费者、设计者等不同元素共同组成了一个复杂的设计生态系统（Design Ecosystem）。这些元素之间的相互影响为产品的优化设计提供了重要的参考。作为一种对复杂关系进行分析和数学建模的方法，网络分析（Network Analysis）近年来在设计领域得到了广泛的关注。
  翟邦昭，2015级直博生，来自无线网络与人工智能实验室，师从王旭东教授，研究方向为5G网络、毫米波/太赫兹通信、无线感知系统等。目前已发表一作SCI期刊论文2篇、国际会议论文2篇。
讲座题目：Analog MUSIC: A Concurrent Beam Training Scheme for Multiple Users in mm-Wave Communication Systems
讲座简介：随着诸如移动VR/AR等各种各样的应用场景的涌现，无线数据流量持续攀升。为了支持这种日益增长的无线传输需求，无线网络容量亟需进一步提升。与过去无线通信常用的6GHz以下的频段相比，毫米波频段（30-300GHz）具有更多的频谱资源，有望实现更大的网络容量，因此，毫米波通信成为了下一代WiFi网络和5G移动通信网络中的重要组成部分。此次分享将介绍我们为了提高毫米波通信的效率而设计的一套多用户同时波束训练的算法和机制。
陈慧，2015级直博生，研究方向为量子反馈控制及其在量子技术中的应用。2017-2018期间参加国家公派联合培养博士项目（美国加州大学伯克利分校访学）。在学期间发表一作SCI期刊论文1篇（另有1篇在审）。
讲座题目：Quantum Feedback Control: both Measurement-based and Coherent
讲座简介：反馈控制是经典控制方法中很重要的一类，因为它可以有效的减弱噪声和扰动对系统动态演化的影响。随着实验条件的发展和进步，我们也"
太原理工大学,李国兴,https://mc.tyut.edu.cn/info/1024/3619.htm,"李国兴 个人简历
    地址：山西省太原市迎泽西大街79号   邮编： 030024   电话：0351-6014008   邮箱：jxgcxytyut@163.com
版权所有：太原理工大学机械与运载工程学院　晋ICP备05000465号　晋公网安备14010902001616号"
武汉大学,孙韵韵,https://pmc.whu.edu.cn/info/1018/16217.htm,"孙韵韵
分类：院内新闻 作者： 来源： 时间：2022-05-11 访问量：4380
一、基本信息
姓名：孙韵韵
职称：副研究员、硕士生导师
电子邮箱：sunyunyun@whu.edu.cn
联系方式：15201463452（微信同号）
研究方向：机械结构界面接触力学
二、科研
以第一或通讯作者在International Journal of Mechanical Sciences、Tribology International、Tribology Letters、International Journal of Solids and Structures、Applied Mathematical Modelling、European Journal of Mechanics-A/Solids、International Journal of Non-Linear Mechanics、机械工程学报等权威期刊发表SCI/EI论文20余篇，主持国家自然科学基金青年科学基金、湖北省自然科学基金面上项目、武汉市知识创新专项曙光计划项目、机械系统与振动国家重点实验室开放课题、机械结构力学及控制国家重点实验室开放课题、中央高校基本科研业务费等科研项目。担任中国机械工程学会机械设计分会青年委员、湖北省机械工程学会摩擦学专业委员会理事等学术职务。
三、教学
本科生课程：
[1] 《机械动力学基础》（主讲）
[2] 《机械原理》（参讲）
研究生课程：
[1] 《机械动力学》（主讲）


上一篇：李小勇
下一篇：郭菁
武汉大学动力与机械学院
WHU青春永动机
版权所有?2020 武汉大学动力与机械学院 地址：中国 武汉 珞珈山 邮编：430072 邮箱：1234567@whu.edu.cn
友情链接"
西安建筑科技大学,辜裕城,https://arch.xauat.edu.cn/Index/Index/teacherb.html,
西安交通大学,陈飞,https://clet.xjtu.edu.cn/info/1055/3184.htm,"陈飞-教授、博导
来源：       时间：2017-09-20      点击量：25223
姓名
陈飞
职称
教授
系所
化学工程系
职务
无
办公地址
化工行政楼111
学位
博士
邮箱
feichen@xjtu.edu.cn
研究领域
高分子化工、高分子复合材料、高分子流变学
教师个人主页
http://feichen.gr.xjtu.edu.cn
上一篇：杨卷-副教授、博导
下一篇：杨敏博-副教授
地址：中国西部科技创新港19号楼  邮编：710049
电话：（029）88965843
Email：scet@xjtu.edu.cn
官方微信
版权所有：西安交通大学化学工程与技术学院 设计与制作：西安交通大学网络信息中心"
西华大学,陈科,https://rsc.xhu.edu.cn/f1/26/c3234a192806/page.htm,"陈科
1993.09
西南石油大学
机械工程
博士
教师岗位
郫都校区
25
机械工程学院
曹楠普
1992.05
西南交通大学
机械设计及理论
博士
教师岗位
郫都校区
26
现代农业装备研究院
佘映军
1995.07
中国农业科学院
农业水土工程
博士
教师岗位
郫都校区
27
现代农业装备研究院
李晶
1994.04
西南大学
农业机械化工程
博士
教师岗位
郫都校区
28
外国语学院
季龙飞
1988.06
琉球大学
比较区域文化
博士
教师岗位
郫都校区
29
外国语学院
欧兰清
1986.09
西北民族大学
中国语言文学
博士
教师岗位
郫都校区
30
理学院
刘康桥
1997.01
东京大学
物理学
博士
教师岗位
郫都校区
31
理学院
刘美艳
1993.05
四川大学
基础数学
博士
教师岗位
郫都校区
32
理学院
邓茜木
1990.11
佛罗里达州立大学
统计学
博士
教师岗位
郫都校区
33
理学院
牟映坪
1993.08
北京师范大学
凝聚态物理
博士
教师岗位
郫都校区
34
理学院
旷欣宇
1994.05
四川师范大学
数学
博士
教师岗位
郫都校区
35
建筑与土木工程学院
周攀
1994.02
同济大学
土木工程
博士
教师岗位
郫都校区
36
建筑与土木工程学院
赵福超
1993.05
四川大学
土木工程
博士
教师岗位
郫都校区
37
建筑与土木工程学院
李聘聘
1989.08
西南交通大学
土木工程
博士
教师岗位
郫都校区
38
建筑与土木工程学院
徐倩
1992.07
四川大学
固体力学
博士
教师岗位
郫都校区
39
建筑与土木工程学院
胡七丹
1996.01
四川大学
土木工程建造与管理
博士
教师岗位
郫都校区
40
应急管理学院
张慧
1995.10
北京交通大学
安全科学与工程
博士
教师岗位
郫都校区
41
应急管理学院
周雨荷
1995.12
重庆大学
化学工程与技术
博士
教师岗位
郫都校区
42
应急管理学院
蒋灶
1993.02
重庆大学
安全科学与工程
博士
教师岗位
郫都校区
43
经济学院
王娜
1991.03
中国人民大学
区域经济学
博士
教师岗位
郫都校区
44
经济学院
李董林
1991.11
中国农业大学
国际贸易学
博士
教师岗位
郫都校区
45
经济学院
刘建霞
1991.12
四川"
湘潭大学,"张志强（学生）
张建平（博导）",https://jxgc.xtu.edu.cn/info/1108/5248.htm,
长沙理工大学,李奇奇,https://www.csust.edu.cn/qjxy/info/1035/10873.htm,"李奇奇 博士
作者：　来源： 　日期：2021年02月28日 14:48　人气：1255
长沙理工大学汽车与机械工程学院研究生导师基本信息表
1、个人基本信息：
姓    名：李奇奇
性    别：男
出生年月：1990年1月
技术职称：讲师/硕导
毕业院校：湖南大学
学历（学位）：博士
所在学科：机械工程
           车辆工程
主要研究方向：汽车安全、机器学习
E-mail：hdliqiqi@163.com
电话：（+86）133-0772-0186
2、教育背景及工作经历：
2013.9-2019.6 
湖南大学
博士
3、目前研究领域：
1.       传统汽车、新能源汽车的碰撞安全性
2.       整车优化设计
3.       新能源汽车动力电池冲击性研究
4.       宏微观材料/结构优化设计
5.       复合材料设计
6.       机器学习、仿生优化理论
4、承担的主要课题：
纵向课题：
1.  主持，国家自然科学基金青年科学基金项目，52005054，三维三相局域共振型超材料的冲击衰减性能优化设计方法研究，2021/01-2023/12
2.  主持，国家重点实验室开放基金，32015012，纯电动汽车侧面碰撞的关键技术研究与优化设计，2020/10-2022/10
3.  主持，长沙理工大学机械工程领域研究基地开放基金，前纵梁总成设计驱动的整车正面碰撞耐撞性开发，2020YB11，2020/1-2021/12
4.  参与，国家自然科学基金面上项目，52072048，狭长抗撞结构的耐撞性拓扑优化方法及其拓扑结构范本，2021/01-2024/12
5.  参与，国家自然科学基金科学部主任基金项目/应急管理项目，61540031，车载电气系统可靠性整车匹配优化设计理论及应用，2016/01-2016/12
6.  参与，国家自然科学基金青年科学基金项目，51605155，概念设计阶段车身梁类关键截面反演仿生算法及在电动汽车轻量化上的应用，2017/01-2019/12
横向课题：
1.         福特全新7座SUV整车碰撞安全性开发，2017.4-至今，项目经理
2.         河北唐钢高强钢白车身项目和碰撞项目，2018.3-2019.10，已结题，项目经理
3.         长丰猎豹某全新7座SUV整"
浙江工业大学, 叶伟伟,https://homepage.zjut.edu.cn/yww/,
郑州科技学院,曹安港,https://www.zit.edu.cn/info/1162/24512.htm,"曹安港博士结合自己两年申报国家自然科学基金项目的经历，从前期研究基础的积累、主动联系导师和同行专家进行指导、申报书注意事项等方面分享了经验。
最后，刘洲峰副校长进行了总结讲话。他指出，在肯定成绩的同时要总结不足，并针对不足提前谋划，主动出击；如何进一步推进科研工作再上新台阶，各单位要不断提升全体教师对科研强校的认识、强力推进有组织的科研、着力推进高层次科研项目和高水平科研成果的培育工作；学校也将进一步优化科研激励机制、完善培育机制、加大支持力度，切实做好科研服务保障工作，充分调动学院和广大教师科研积极性，激发广大教职工尤其是科研人才干事创业的活力，全面提升学校科研成果层次与水平。
（文图：周山赫 审：潘斗凤 责任编辑：李军）
上一条：校党委书记张伟一行赴企开展产教融合校企合作活动
下一条：我校召开执行和落实高等教育教学文件自查工作部署会
地址：郑州市二七区马寨工业园学院路1号邮编：450064
网址：http://www.zit.edu.cn
豫ICP备：14014431号-2郑州科技学院1988-2024
联系电话：0371-67860115(办公电话、传真)：0371-67899911
招生热线：0371-56150666; 0371-56150888; 0371-56150999
  手机版
官方微信
官方微博
印象郑科"
中国科学院长春光学精密机械与物理研究所,邓永波,https://people.ucas.ac.cn/~dengyb,"邓永波  男  博导  中国科学院长春光学精密机械与物理研究所
电子邮件： dengyb@ciomp.ac.cn
通信地址： 吉林省长春市东南湖大路3888号
邮政编码： 130033
研究领域
微光机电系统，纳米光学，微纳功能结构拓扑优化
教育背景
2007-09--2012-06   中国科学院长春光学精密机械与物理研究所   博士（硕博连读）
2003-09--2007-07   青岛大学   学士
指导学生
已指导学生
刘洵  硕士研究生  085201-机械工程  
章丽娟  硕士研究生  070207-光学  
孙建文  硕士研究生  085500-机械  
赵宁  硕士研究生  085500-机械  
焦通  硕士研究生  085400-电子信息  
苗永壮  硕士研究生  085500-机械  
现指导学生
邵亚楠  硕士研究生  080201-机械制造及其自动化  
韦宇培  硕士研究生  080201-机械制造及其自动化  
李瑱  硕士研究生  085500-机械  
高世博  博士研究生  080201-机械制造及其自动化  
邓旭  博士研究生  080201-机械制造及其自动化  
付洋  博士研究生  080300-光学工程  
吕云帆  硕士研究生  080201-机械制造及其自动化  
王柯翔  硕士研究生  080201-机械制造及其自动化  
姚路  硕士研究生  085500-机械  
钟泓霖  硕士研究生  085500-机械  
工作简历
2020.09-至今，中国科学院长春光学精密机械与物理研究所，研究员；
2018.07-2020.02，德国卡尔斯鲁厄理工学院微结构技术研究所，洪堡资深学者；
2014.09-2020.09，中国科学院长春光学精密机械与物理研究所，副研究员；
2017.09-2017.11，德国卡尔斯鲁厄理工学院微结构技术研究所，Guest Professor；
2016.05-2016.07，德国卡尔斯鲁厄理工学院微结构技术研究所，Guest Professor；
2014.12-2015.03，德国弗莱堡大学，Scientific Staff；
2012.07-2014.09，中国科学院长春光学精密机械与物理研究所，助理研究员；
学术兼职
中国科学院青年创新促进会会员
中国机械工程学会机械设计青年委"
中国空气动力研究与发展中心,廖文林,https://www.cardc.cn/,
中国矿业大学,赵啦啦,https://cmee.cumt.edu.cn/info/1107/5160.htm,"赵啦啦
作者：贺杰浏览：3284时间：2020-09-23
姓 名
赵啦啦
职 称
副教授
邮 箱
lala.zhao@cumt.edu.cn
电 话

通讯地址
江苏省徐州市大学路1号中国矿业大学南湖校区机电工程学院A429
个人主页

教育经历
1. 2001.09至2005.06，中国矿业大学，机械工程及自动化，本科生，学士；
2. 2005.09至2010.06，中国矿业大学，机械设计及理论，研究生，博士。
工作经历
1.2016.01至2017.01，   澳大利亚蒙纳士大学， SIMPAS，化学工程系， 访问学者，合作导师：余艾冰 院士
2.2014.01至现在， 中国矿业大学， 机电工程学院，   副教授
3.2010.12至2014.06，   中国矿业大学， 博士后， 导师: 赵跃民 教授
4.2010.07至2013.12，   中国矿业大学， 机电工程学院， 讲师
研究方向
1. 智能矿山装备；
2. 现代机械设计理论及方法；
3. 智能制造；
4. 颗粒系统建模与仿真；
5. 筛分和破碎理论及设备
讲授课程
本科生：《智能制造装备》、《机械制造工程学I》、《工程图学》
研究生：《工程伦理》
科研项目
主持项目：
1.国家自然科学基金面上项目：交叉筛面高湿黏颗粒剪切筛分机理及流动特性研究，，在研；
2.国家自然科学基金青年基金项目：复杂振动形式下筛面非球形湿颗粒流动理学特性研究，2013-2015，已结题；
3.中国博士后科学基金特别资助项目，2013T60576，筛面非球形湿颗粒流的动理学特性研究，2013-2014，已结题；
4.中国博士后科学基金面上项目：基于粘附离散元法的非球形湿颗粒振动筛分机理研究，，已结题；
5.中央高校基本科研业务费专项资金项目：基于粘附离散元法的非球形湿颗粒振动分离及筛分机理研究，2011-2014，已结题。
参与项目：
1.国家重点研发计划课题：特厚煤层综放开采煤矸精准识别技术，2018-2021，已结题，参与；
2.国家自然科学基金面上项目：大型等厚振动弛张筛的筛分机理及设计方法研究，，已结题，参与；
3.国家自然科学基金面上项目：大型球磨机多体冲击摩擦耦合行为研究，2015-2018，已结题，参与；
4.国家自然科学基金面上项目：高压水射流与多刀具耦合破岩系统的动力学特性研究，，已结题，参与；
5.国家97"
中山大学,杜现平,https://soet.sysu.edu.cn/zh-hans/teacher/171,
周口师范学院 ,钟志华,https://www.zknu.edu.cn/,
