学校,名称,网址
湖南大学,毛建中,http://grjl.hnu.edu.cn/p/FB7AF4530C83EE4480D2728AB9C1BDB7
湖南大学,左剑,http://grjl.hnu.edu.cn/p/6C04CCACC17DBB7BB2AE3C413795FF15
湖南大学,叶南海,http://grjl.hnu.edu.cn/p/B88E02215B23CFC969888ACCD96C52F1
湖南大学,伍素珍,http://grjl.hnu.edu.cn/p/292BAB53A3F6D8015F6337818D44AF0F
湖南大学,刘江南,http://grjl.hnu.edu.cn/p/81C71C20582E771D7C62F62B275D3E57
湖南大学,刘杰,http://grjl.hnu.edu.cn/p/10A8F9507E5681438FA07FD1D76A7A5B
湖南大学,刘桂萍,http://grjl.hnu.edu.cn/p/4FDD605E3CE6AC0910B81382ACB88A7E
湖南大学,许艳,http://grjl.hnu.edu.cn/p/C9E0D532F77EC938FCF9838366E4715E
湖南大学,李莉,https://grzy.hnu.edu.cn/site/index/lili7
湖南大学,杨钦文,http://grjl.hnu.edu.cn/p/58A8C1B17E0D2A64C7B4B51EE7C8236B
湖南大学,吴长德,http://grjl.hnu.edu.cn/p/DC5A4B2EAD8D524447F81CE7DA683147
湖南大学,张爱军,http://grjl.hnu.edu.cn/p/5D8DB9B2D8A0275ED80660CCC10B0D9A
湖南大学,陈久久,http://grjl.hnu.edu.cn/p/15ECAC8D285CDABBEE5DE4921E2D900C
湖南大学,陈涛,http://grjl.hnu.edu.cn/p/092FEBCB728AA3FEF639160EC358A398
湖南大学,陈敏钧,http://grjl.hnu.edu.cn/p/7126FD448305166338A1DC75B7EB0AA2
湖南大学,尚振涛,http://grjl.hnu.edu.cn/p/0E5411C4C8DE4F602307EBA3A3C4268B
湖南大学,金秋谈,http://grjl.hnu.edu.cn/p/56617A1DD3B5A4AB7A2A22BC80CB6F04
湖南大学,周长江,http://grjl.hnu.edu.cn/p/303D5AD026270B87BF58953DC651C73D
湖南大学,胡晖,http://grjl.hnu.edu.cn/p/31803B834B2C89A6E79F3D2121F6082A
湖南大学,胡德安,http://grjl.hnu.edu.cn/p/39475F70E7D7FD53F6956B50FB9F2B5B
湖南大学,姜潮,http://grjl.hnu.edu.cn/p/042986AC52AF2D8C67387F1353ADD2C0
湖南大学,莫富灏,http://grjl.hnu.edu.cn/p/EAB46863FDDD966DDF5F479DA12BB79A
湖南大学,徐道临,http://grjl.hnu.edu.cn/p/84B6B8887C8D2C16173A70B27859983F
湖南大学,卿宏军,http://grjl.hnu.edu.cn/p/42B9779D6A44A07F92E12203B1C8D247
湖南大学,卿启湘,http://grjl.hnu.edu.cn/p/C38222ED0941BC06F0D4D0A8277279BD
湖南大学,谌霖霖,http://grjl.hnu.edu.cn/p/1D4B4D3731B21887381C9DC0488F2DC7
湖南大学,韩旭,http://grjl.hnu.edu.cn/p/B92A2D25CAC3EFD2515C91AB4851309A
湖南大学,谢桂芝,http://grjl.hnu.edu.cn/p/E9227B49CF9BD0FA004059E8E97B31B2
湖南大学,熊德红,http://grjl.hnu.edu.cn/p/464B38FDE57151EC7AD0BC49FBB650F6
湖南大学,李博川,http://grjl.hnu.edu.cn/p/E60BDCD27C1257647AD263B9A09F12BF
湖南大学,郑静,http://grjl.hnu.edu.cn/p/198C81067E21C4F63D9AC3A5B32987D5
湖南大学,龙湘云,http://grjl.hnu.edu.cn/p/F8A4C70D14F7C4ECE0D0D972A0D4D4A6
湖南大学,张哲,http://grjl.hnu.edu.cn/p/EEE2999814C198F86A961DF9E8288DFD
湖南大学,李明全,http://grjl.hnu.edu.cn/p/1D5B79FD9F8E6780422154B4AF7FB16E
湖南大学,贺哲龙,http://grjl.hnu.edu.cn/p/C75E3B278D619077833B2DDB622C866C
湖南大学,王伏林,http://grjl.hnu.edu.cn/p/432D82BCCFB17C4C1D9509825EED7C9D
湖南大学,韦海英,http://grjl.hnu.edu.cn/p/D74E872DB140DF2F753D1ADAB615B0DB
湖南大学,尹韶辉,http://grjl.hnu.edu.cn/p/90BA50DE6C1BE227CD6D147F3938A2B4
湖南大学,邓乾旺,http://grjl.hnu.edu.cn/p/E9DD6E3BC1757AAFF20B345189B41ED6
湖南大学,冯凯,http://ccfe.hnu.edu.cn/info/1375/4263.htm
湖南大学,朱克忆,http://grjl.hnu.edu.cn/p/81AECC5D49F85FFEB32346738B63FE81
湖南大学,任莹晖,http://grjl.hnu.edu.cn/p/D1B032716860348173C5F26F4B8BDD8A
湖南大学,刘坚,http://grjl.hnu.edu.cn/p/8A2DBF0273E433DDA71F8C5846C56F62
湖南大学,刘继常,http://grjl.hnu.edu.cn/p/417BC1F37BEA9D101E2BB651E4BA2570
湖南大学,李伟,http://grjl.hnu.edu.cn/p/04006B33D0A1D42C84EA590EE32A16CB
湖南大学,李茂君,http://grjl.hnu.edu.cn/p/1A3227534B9620385DB407C468839395
湖南大学,李荣启,http://grjl.hnu.edu.cn/p/ACD095E6171E5E2153740881F8EDCB0F
湖南大学,李娟,http://grjl.hnu.edu.cn/p/D3D5BFBC947D800A7127E5B3A1D3658D
湖南大学,李落星,http://grjl.hnu.edu.cn/p/E3FD683F5357D56132D2DB3BA7554A8C
湖南大学,李文俊,http://grjl.hnu.edu.cn/p/CA99BA61EE2F426837F0268172D472C4
湖南大学,杨旭静,http://grjl.hnu.edu.cn/p/1D85BAE2505267848F3E0F72F4A0C6C6
湖南大学,杨军,http://grjl.hnu.edu.cn/p/53247869635D53F8FD828AD46DC80733
湖南大学,何世慧,http://grjl.hnu.edu.cn/p/5372F8B05A1EDC638728C059B8FC392B
湖南大学,宋立军,http://grjl.hnu.edu.cn/p/BF0AE2648C0AD0AE475ABFA44C858CA4
湖南大学,张屹,../../zyjssy/zysy.htm
湖南大学,张冠华,http://grjl.hnu.edu.cn/p/CE373328ADEB6625EDF1266944A9BC71
湖南大学,张凯,http://grjl.hnu.edu.cn/p/8D5B83306BFCE798FE1714FF0818425D
湖南大学,陈根余,http://grjl.hnu.edu.cn/p/227DE77331D452DD33525F4321047686
湖南大学,陈逢军,http://grjl.hnu.edu.cn/p/FAECE2100560732E856E91763AEEB3B3
湖南大学,陈艺勤,http://grjl.hnu.edu.cn/p/463BC88CF3F3718468AA67F91D31589A
湖南大学,陈鼎,http://grjl.hnu.edu.cn/p/C8FFAF32379F891F8922922D07E86A6F
湖南大学,余剑武,http://grjl.hnu.edu.cn/p/4C08F70FA12E76CFE2057AA3CE34B88D
湖南大学,范叶,http://grjl.hnu.edu.cn/p/24BE6D37CD0A46E6BC4EF67F0131326F
湖南大学,金湘中,http://grjl.hnu.edu.cn/p/3EF3DA102A04CA32B78C4A7113F2552A
湖南大学,金滩,http://grjl.hnu.edu.cn/p/1B11FA3BADF00A6FA33B3F3CC1CA07E3
湖南大学,周惦武,http://grjl.hnu.edu.cn/p/9C1DADA192F14ADA9B15E9D42E0E884D
湖南大学,胡仲勋,http://grjl.hnu.edu.cn/p/31DB0B2E99BCD3CD0FDF190EF922D11A
湖南大学,胡跃强,http://grjl.hnu.edu.cn/p/6B91CC3C1EAC502314BF53F9A2845687
湖南大学,钟波,http://grjl.hnu.edu.cn/p/EC3D53F2268107FA50A80636F488DC22
湖南大学,段辉高,http://grjl.hnu.edu.cn/p/5CDB8774DF5FC3E0968B1F53A18BE64B
湖南大学,夏百战,http://grjl.hnu.edu.cn/p/266750DCBE78D354768282602B63DF30
湖南大学,郭力,http://grjl.hnu.edu.cn/p/A0C2712F217BAA098CF21DB4DCDA7BFD
湖南大学,黄帅,http://grjl.hnu.edu.cn/p/34F0169474338CA1430207367425D53D
湖南大学,黄向明,http://grjl.hnu.edu.cn/p/D751A30D7A7EC4A631273BFFB3EE2CC0
湖南大学,龚志辉,http://grjl.hnu.edu.cn/p/889AC402528B7830C96ED626A344341E
湖南大学,崔俊佳,http://grjl.hnu.edu.cn/p/B8F3FA60DD98D97D32B4B25E2F7C1DD1
湖南大学,梁军,http://grjl.hnu.edu.cn/p/522A34E7AF577456AC6D445F0B1F8053
湖南大学,彭杰宏,http://grjl.hnu.edu.cn/p/72A10A02A3F75ACF50C6BA2F9F3C8EC3
湖南大学,鄢锉,http://grjl.hnu.edu.cn/p/F73B92919C8E6C0A6532B2158EC9754E
湖南大学,熊万里,http://grjl.hnu.edu.cn/p/8AC0F802A3863DB88CE22135BD01A0FE
湖南大学,韩晓筱,http://grjl.hnu.edu.cn/p/B16B674EC8BDB50436073BA8886D8A0F
湖南大学,陈聪,http://grjl.hnu.edu.cn/p/F373A6F0C6992974313DF23FFA121FE2
湖南大学,何洪,http://grjl.hnu.edu.cn/p/7EE33D4DA799C7F50187A3F5C543E143
湖南大学,尹辉,http://grjl.hnu.edu.cn/p/2AB828C36066997794D993C6D14994E7
湖南大学,安晨辉,http://grjl.hnu.edu.cn/p/977E3CE71735D3A159E256001B2FBAD8
湖南大学,雷雨超,https://grzy.hnu.edu.cn/site/index/leiyuchao
湖南大学,王晓钢,http://grjl.hnu.edu.cn/p/437730CAB5135D2E8501999DB3751CAA
湖南大学,韦凯,http://grjl.hnu.edu.cn/p/D1DF9176B091A01E65950AD7F6DC0002
湖南大学,毛贻齐,http://grjl.hnu.edu.cn/p/D7974BB51B83429DD5DEBF8B82285C51
湖南大学,方棋洪,http://grjl.hnu.edu.cn/p/9375A9B96359DF7545E9888BB4786EC7
湖南大学,冯慧,http://grjl.hnu.edu.cn/p/516C7927DAA1996B1B5F6512D8572A62
湖南大学,任毅如,http://grjl.hnu.edu.cn/p/7E7E3F6A35F0755CA03834C0E7C6255F
湖南大学,刘文洋,http://grjl.hnu.edu.cn/p/AEB80A301246EBED9CE4BD802AE07613
湖南大学,刘伟纲,http://grjl.hnu.edu.cn/p/61C79F487418E11AC1708CFD1EF04770
湖南大学,刘腾喜,http://grjl.hnu.edu.cn/p/F2B08A8562B6D0578D54C5985E494EF9
湖南大学,刘播,http://grjl.hnu.edu.cn/p/8C851E57535560A41E305F516F675870
湖南大学,李甲,http://grjl.hnu.edu.cn/p/32F67ADE5F70CCA09665154A22A85B9B
湖南大学,杨刚,http://grjl.hnu.edu.cn/p/49DDF1F9C66567BF802CF7FDC2FC2A56
湖南大学,邹伟生,http://grjl.hnu.edu.cn/p/941427E61FBB082928B9C0A15ED611F5
湖南大学,张见明,http://grjl.hnu.edu.cn/p/6D2A4262980F4CE2FAAE14A8DCF4675A
湖南大学,张思进,http://grjl.hnu.edu.cn/p/160D06A6DB8913E0F3A2C5314584CDC1
湖南大学,张海成,http://grjl.hnu.edu.cn/p/08BDBCBA0FBB7322857ED55BC21DC67B
湖南大学,周加喜,http://grjl.hnu.edu.cn/p/4AF14BF38228DF5C1956BA2E97F9EAFC
湖南大学,周慧,http://grjl.hnu.edu.cn/p/6077E12F2E8B06EB21DC968131147B0F
湖南大学,林森,http://grjl.hnu.edu.cn/p/F5427325C835F74500D1BCAD27D06F27
湖南大学,胡绚,http://grjl.hnu.edu.cn/p/B7414C310714F3EE9E9DB0C90918507E
湖南大学,胡徐趣,http://grjl.hnu.edu.cn/p/BA9BFA729282C60E38D81D8037168413
湖南大学,侯淑娟,http://grjl.hnu.edu.cn/p/6A1C859B9327DB15F0BF67F92E37E0D9
湖南大学,侯鹏飞,http://grjl.hnu.edu.cn/p/226263E00BFDCB420BAE5F8810E88AF0
湖南大学,赵岩,http://grjl.hnu.edu.cn/p/AB7CF76A9768772E8758945490809175
湖南大学,符文彬,http://grjl.hnu.edu.cn/p/54A46566B77E033D814429D8EE0F221A
湖南大学,彭凡,http://grjl.hnu.edu.cn/p/996E8BCE47BDF4BEA87A506FCAFD7C5D
湖南大学,蔡清裕,http://grjl.hnu.edu.cn/p/F1D9AE4DB33D32264F33DCFAA8517DCB
湖南大学,戴宏亮,http://grjl.hnu.edu.cn/p/71D20CDCD9F990A408E40A9CF084AF73
湖南大学,彭神佑,http://grjl.hnu.edu.cn/p/703CEFB536D2E81447BB0B0D3A0129D6
湖南大学,何巍,http://grjl.hnu.edu.cn/p/9D339E2F5A7503FC685B4136B2C4EBDF
湖南大学,范智超,http://grjl.hnu.edu.cn/p/DE0CF3189330868D07EB7C458BD4A86F
湖南大学,施方成,http://grjl.hnu.edu.cn/p/C190C37E8D419A2E5ADDA18886ACC5D4
湖南大学,王凯,http://grjl.hnu.edu.cn/p/FC6AEA45E38814E29A31BF6DD55AF0FB
湖南大学,王文格,http://grjl.hnu.edu.cn/p/185E5C582B658E551C47D0F7B5EF1D40
湖南大学,王刚,http://grjl.hnu.edu.cn/p/EC5918E5D667BB31C8A321744A56070F
湖南大学,王珂娜,http://grjl.hnu.edu.cn/p/7D508CB6E495EDF64DEC5CCBD22B7F72
湖南大学,刘侃,http://grjl.hnu.edu.cn/p/A81A7C2864BD75B7448B7E80A537B8B8
湖南大学,杨宇,http://grjl.hnu.edu.cn/p/A15A999D4166071B230497B1C0CC28FD
湖南大学,邹宪军,http://grjl.hnu.edu.cn/p/E9C1E2EBEFE59D3C4EC5A1D32B6F355D
湖南大学,张飞铁,http://grjl.hnu.edu.cn/p/DC990350DBEFF2AD311C76E47A1B0801
湖南大学,张军,http://grjl.hnu.edu.cn/p/BF67DB0B230CECEDBD5054E9FD9CBFD2
湖南大学,邵海东,https://grzy.hnu.edu.cn/site/index/shaohaidong
湖南大学,陈逢军,http://grjl.hnu.edu.cn/p/FAECE2100560732E856E91763AEEB3B3
湖南大学,陈静,http://grjl.hnu.edu.cn/p/C49F7F25AC11A69C897D7AFC55210049
湖南大学,陈宁,http://grjl.hnu.edu.cn/p/6547A4A3918D210775E4FDA6FABC156D
湖南大学,钟翔,http://grjl.hnu.edu.cn/p/8B05F129F4B7CA688798F6826E92B4D3
湖南大学,黄晶,http://grjl.hnu.edu.cn/p/42BCB496B5058BC722A8AAE992426960
湖南大学,彭晓燕,http://grjl.hnu.edu.cn/p/75E47F8CCB4775F24052AD8E9906334A
湖南大学,程军圣,http://grjl.hnu.edu.cn/p/8456964B10E57FC0769FCCCD3E8AA5D1
湖南大学,谭勇,http://grjl.hnu.edu.cn/p/BD37944F63435F89FE949636FF3C6D9C
湖南大学,颜运昌,http://grjl.hnu.edu.cn/p/996252308EEEF6DE06470DAA6697F52D
湖南大学,李柏,http://grjl.hnu.edu.cn/p/19232984984B4AF50942E7C9F74E071F
湖南大学,丁荣军,https://grzy.hnu.edu.cn/mobile/m_index/dingrongjun
湖南大学,胡伟,http://grjl.hnu.edu.cn/p/735C9B74EC456A7DE8D66E5E79AC218B
湖南大学,张坦探,http://grjl.hnu.edu.cn/p/E633303B4C9E592BEF52160CF5B5197C
湖南大学,严珂,https://grzy.hnu.edu.cn/site/index/yanke
湖南大学,丁飞,http://grjl.hnu.edu.cn/p/2AD2789071BD17D220587CE07984539B
湖南大学,干年妃,http://grjl.hnu.edu.cn/p/5F9C4742254332003EC9299E82AA1CF4
湖南大学,王琥,http://grjl.hnu.edu.cn/p/A26CB0E138CD9F2A92E1E79B7EE7B972
湖南大学,王晓伟,http://grjl.hnu.edu.cn/p/AA70043EA656EED6C0E8A64ADFD485BE
湖南大学,王田天,http://grjl.hnu.edu.cn/p/AAB2C2FF3EE2D1B4305A277E9890879B#401
湖南大学,尹汉锋,http://grjl.hnu.edu.cn/p/129E4609B34EDADC8B3BC2786862DCBD
湖南大学,白中浩,http://grjl.hnu.edu.cn/p/4756BEF4C833D4C77407573F68416310
湖南大学,成艾国,http://grjl.hnu.edu.cn/p/2C368A30DEC8D8E9019E796A200F3576
湖南大学,刘迪辉,http://grjl.hnu.edu.cn/p/CA2BF5E7044D93DA8DD47EC4D7781A30
湖南大学,李凡,http://grjl.hnu.edu.cn/p/28AD870F5105F4BE7365891656C36677
湖南大学,李光耀,http://grjl.hnu.edu.cn/p/F0EEDD22B980862F0A8C5EDB3E023317
湖南大学,李伟平,http://grjl.hnu.edu.cn/p/FC970D52113B7A444E49AFB114D356DA
湖南大学,杨易,http://grjl.hnu.edu.cn/p/F445E4DEACAABF6C9DCD10CEC6AB6698
湖南大学,杨沿平,http://grjl.hnu.edu.cn/p/37BF01B0610719E675DD12D905956891
湖南大学,肖志,http://grjl.hnu.edu.cn/p/CE80A2ACF1DA6FE80399E6BFF8EAB030
湖南大学,何莉萍,http://grjl.hnu.edu.cn/p/D1645BA955349DB305F75129D2C06361
湖南大学,何智成,http://grjl.hnu.edu.cn/p/F4DB84F6AECBE025B2ADB5ED56808C24
湖南大学,宋凯,http://grjl.hnu.edu.cn/p/A3CF9C9E671F22FA19EE15B9A786C9BD
湖南大学,宋晓琳,http://grjl.hnu.edu.cn/p/DC6BFF6850D898F3366E51717C2253A7
湖南大学,张冠军,http://grjl.hnu.edu.cn/p/56DE140DC95B5C5DEAFF260BA0FA5E90
湖南大学,张维刚,http://grjl.hnu.edu.cn/p/FFFB4512634A4146980612A2AB9C9B6A
湖南大学,陈涛,http://grjl.hnu.edu.cn/p/F81C42C03419099F7D6BCCCD8579F434
湖南大学,周兵,http://grjl.hnu.edu.cn/p/4ED5BA89AD1A78B7099FBE57196A3693
湖南大学,周维,http://grjl.hnu.edu.cn/p/52EC9E046652939E288248CB14674995
湖南大学,郑刚,http://grjl.hnu.edu.cn/p/DB4DDB0E04B4060A689AD1E3378F1FE9
湖南大学,胡朝辉,http://grjl.hnu.edu.cn/p/03FB47B23DA82C3460F57346A06827B5
湖南大学,钟志华,http://grjl.hnu.edu.cn/p/0E1AA7691BFDBC415415193971517CB3
湖南大学,莫旭辉,http://grjl.hnu.edu.cn/p/84FEA321D2E4F23CA353F8AC9EBA2603
湖南大学,徐彪,http://grjl.hnu.edu.cn/p/14BCF8FC21B3E562B34A0D7947D72B27
湖南大学,秦晓辉,http://grjl.hnu.edu.cn/p/063C557F29FA308DAC4F19E593265CEB
湖南大学,秦兆博,http://grjl.hnu.edu.cn/p/E7BEFFBE56D0364EC190593229C7EFF6
湖南大学,聂昕,http://grjl.hnu.edu.cn/p/9F36955A6DFF41A5CACB0B5B55ECEE1F
湖南大学,黄智,http://grjl.hnu.edu.cn/p/9319F81BB7C9878FC63979FF5FC0BE3E
湖南大学,黄沛丰,http://grjl.hnu.edu.cn/p/4810D3EF032EF12E39E79C901BF2D333
湖南大学,曹立波,http://grjl.hnu.edu.cn/p/41AB24B86D85EF3B413EFF9ED5E8FFFB
湖南大学,崔向阳,http://grjl.hnu.edu.cn/p/BD03A74CEC26CCDF013785F44C8C2BA0
湖南大学,彭伟光,http://grjl.hnu.edu.cn/p/1ABA22221168B907876B7610A6BD8050
湖南大学,蒋彬辉,http://grjl.hnu.edu.cn/p/900DF8391D1B79153E353E5996DE84A9
湖南大学,谢小平,http://grjl.hnu.edu.cn/p/2030FF3D57C1B1E483C92825704E0189
湖南大学,谢晖,http://grjl.hnu.edu.cn/p/34038F960AE766CD2378BB8A99DED1DB
湖南大学,谢国涛,http://grjl.hnu.edu.cn/p/6A9D701E7C59C104FB5F254B258ED674
湖南大学,雷飞,http://grjl.hnu.edu.cn/p/149DDA59CD6BCC411C40D339F9304786
湖南大学,蔡勇,http://grjl.hnu.edu.cn/p/1043623DCDF46A4AC8DB1E31E26CB72C
湖南大学,薛殿伦,http://grjl.hnu.edu.cn/p/F90E4931847136D77D30B878E13B8EDE
湖南大学,陈锋,http://grjl.hnu.edu.cn/p/02A79957FAE65E92796FA00DAD305D3C
湖南大学,徐世伟,http://grjl.hnu.edu.cn/p/2AD25A468A77570AC4CA16EE1DD5CCC0
湖南大学,颜凌波,http://grjl.hnu.edu.cn/p/070024880CBC6D86F6AFC1503223F286
湖南大学,孙光永,http://grjl.hnu.edu.cn/p/202EB980AFC0EAB8F807A622CDBD0D85
湖南大学,边有钢,http://grzy.hnu.edu.cn/site/index/bianyougang
湖南大学,李顺峰,http://grzy.hnu.edu.cn/site/index/lishunfeng
湖南大学,马寅杰,http://grjl.hnu.edu.cn/p/5BD5B9EF04D7DC1EE81FB1E3358E034B
湖南大学,王兆龙,http://grjl.hnu.edu.cn/p/D2A388BF08F0EB74681305333BF7543C
湖南大学,邓元望,http://grjl.hnu.edu.cn/p/820B25DF93B9DE2196ED9C3B41D6F42A
湖南大学,甘昊,http://grjl.hnu.edu.cn/p/B8809CEBF215DB73B80296EE83548872
湖南大学,付建勤,http://grjl.hnu.edu.cn/p/B9EC5EDC0B2DD99B2B4FB0DA1680E7EC
湖南大学,朱浩,http://grjl.hnu.edu.cn/p/241CAB4430D2B9FAADD18F2128A1A470
湖南大学,任承钦,http://grjl.hnu.edu.cn/p/0F3578D717C2436FF9A5FF73D36A657D
湖南大学,刘云,http://grjl.hnu.edu.cn/p/2D241A3C4FF1E8929A3FE0560C9922EC
湖南大学,刘敬平,http://grjl.hnu.edu.cn/p/2E8BC0836BC59AD96A495ADBD50B0761
湖南大学,杨小龙,http://grjl.hnu.edu.cn/p/7C2AC716F9CAB7F7A1884FEAA4A77EFD
湖南大学,张全长,http://grjl.hnu.edu.cn/p/311A6861189B42071518D187E2CE1A57
湖南大学,张峰,http://grjl.hnu.edu.cn/p/99C8F95EA817E41B6F01FE44D9650EA1
湖南大学,陈征,http://grjl.hnu.edu.cn/p/6CF77A06CF201668CA44DE59D82D14B4
湖南大学,陈敬炜,http://grjl.hnu.edu.cn/p/400DAEF04600538D99A4C871C0DBDB14
湖南大学,罗宝军,http://grjl.hnu.edu.cn/p/7C7EBEEF6E5AE4BD2A1C01A5084EF00D
湖南大学,周菊光,http://grjl.hnu.edu.cn/p/0C0683093D921167FE8394A17DC8C137
湖南大学,鄂加强,http://grjl.hnu.edu.cn/p/8626785817032AECF36C3E4B09477E04
湖南大学,谭理刚,http://grjl.hnu.edu.cn/p/CF1361713037C837FBB45E284C55A1BA
湖南大学,廖高良,http://grjl.hnu.edu.cn/p/C5627E6617195855EEBE8A48B4D80D4D
湖南大学,冷尔唯,http://grjl.hnu.edu.cn/p/57F0398FF1B92522D8C8F7BD3C6FCE87
湖南大学,秦光照,http://grjl.hnu.edu.cn/p/BC5E5B2321A1118CB9AC43A39F890BBC
湖南大学,袁硕,http://grjl.hnu.edu.cn/p/EB0FFEE2BDE81E2E1E1FCE08F6CFEC17
湖南大学,郑雄,http://grjl.hnu.edu.cn/p/9F34155DC55A6F1D2EF5C59C17DB0B2A
湖南大学,杨高强,http://grjl.hnu.edu.cn/p/0118960E92876EC3FF7796B74FB7398A
湖南大学,尹韶辉,http://grjl.hnu.edu.cn/p/90BA50DE6C1BE227CD6D147F3938A2B4
湖南大学,龙小兵,http://grjl.hnu.edu.cn/p/1F5E909FDD8F4E23E445999EDDB00131
湖南大学,吴耀,http://grjl.hnu.edu.cn/p/E1617C5EB7E45E6C5E975D97D640434D
湖南大学,余剑武,http://grjl.hnu.edu.cn/p/4C08F70FA12E76CFE2057AA3CE34B88D
湖南大学,陈逢军,http://grjl.hnu.edu.cn/p/FAECE2100560732E856E91763AEEB3B3
湖南大学,尚振涛,http://grjl.hnu.edu.cn/p/0E5411C4C8DE4F602307EBA3A3C4268B
湖南大学,金滩,http://grjl.hnu.edu.cn/p/1B11FA3BADF00A6FA33B3F3CC1CA07E3
湖南大学,胡思节,http://grjl.hnu.edu.cn/p/177EFD6D418D29DEB012E033B5A95E12
湖南大学,谢桂芝,http://grjl.hnu.edu.cn/p/E9227B49CF9BD0FA004059E8E97B31B2
湖南大学,熊万里,http://grjl.hnu.edu.cn/p/8AC0F802A3863DB88CE22135BD01A0FE
湖南大学,蔡立军,http://grjl.hnu.edu.cn/p/CDCE938DBE9D45DFCDB5DBF18E37016D
湖南大学,李东,http://grjl.hnu.edu.cn/p/8D1758B1FC46A102B3E20ADF695CEF81
湖南大学,陈舒拉,http://grjl.hnu.edu.cn/p/29EBBB95D450B42714F43FFDB2DA1354
湖南大学,田万一,http://grjl.hnu.edu.cn/p/1C5854D2345EE5CD46526D9341DB5E8F
湖南大学,邓辉球,http://grjl.hnu.edu.cn/p/C379A68EF294A149942B6E6379D7DC4E
湖南大学,胡望宇,http://grjl.hnu.edu.cn/p/9544E9523080B4057A79DE0E97549909
湖南大学,吴占涛,http://grjl.hnu.edu.cn/p/6AB16941A5FA60C351F0C2A6A40BE9F9
中南大学,朱文辉,http://faculty.csu.edu.cn/zhuwenhui/zh_CN/index.htm
中南大学,段吉安,http://faculty.csu.edu.cn/duanjian/zh_CN/index.htm
中南大学,黄明辉,http://faculty.csu.edu.cn/huangminghui/zh_CN/index.htm
中南大学,蔺永诚,http://faculty.csu.edu.cn/yclin
中南大学,帅词俊,http://faculty.csu.edu.cn/shuaicijun/zh_CN/index.htm
中南大学,湛利华,http://faculty.csu.edu.cn/zhanlihua/zh_CN/index.htm
中南大学,段吉安,http://faculty.csu.edu.cn/duanjian/zh_CN/index.htm
中南大学,黄明辉,http://faculty.csu.edu.cn/huangminghui/zh_CN/index.htm
中南大学,蔺永诚,http://faculty.csu.edu.cn/yclin
中南大学,帅词俊,http://faculty.csu.edu.cn/shuaicijun/zh_CN/index.htm
中南大学,段吉安,http://faculty.csu.edu.cn/duanjian/zh_CN/index.htm
中南大学,黄明辉,http://faculty.csu.edu.cn/huangminghui/zh_CN/index.htm
中南大学,李军辉,http://faculty.csu.edu.cn/lijunhui/zh_CN/index.htm
中南大学,蔺永诚,http://faculty.csu.edu.cn/yclin
中南大学,陆新江,http://faculty.csu.edu.cn/luxinjiang/zh_CN/index.htm
中南大学,帅词俊,http://faculty.csu.edu.cn/shuaicijun/zh_CN/index.htm
中南大学,孙小燕,http://faculty.csu.edu.cn/sunxiaoyan/zh_CN/index.htm
中南大学,谭建平,http://faculty.csu.edu.cn/jptan/zh_CN/index.htm
中南大学,王福亮,http://faculty.csu.edu.cn/wangfuliang/zh_CN/index.htm
中南大学,吴运新,http://faculty.csu.edu.cn/wuyunxin/zh_CN/index.htm
中南大学,湛利华,http://faculty.csu.edu.cn/zhanlihua/zh_CN/index.htm
中南大学,朱建新,http://faculty.csu.edu.cn/zhujianxin/zh_CN/index.htm
中南大学,帅词俊,http://faculty.csu.edu.cn/shuaicijun/zh_CN/index.htm
中南大学,王福亮,http://faculty.csu.edu.cn/wangfuliang/zh_CN/index.htm
中南大学,吴运新,http://faculty.csu.edu.cn/wuyunxin/zh_CN/index.htm
中南大学,湛利华,http://faculty.csu.edu.cn/zhanlihua/zh_CN/index.htm
中南大学,陈明松,http://faculty.csu.edu.cn/chenmingsong/zh_CN/index.htm
中南大学,陈思雨,http://faculty.csu.edu.cn/chensiyu/zh_CN/index.htm
中南大学,陈泽宇,http://faculty.csu.edu.cn/chenzeyu/zh_CN/index.htm
中南大学,段吉安,http://faculty.csu.edu.cn/duanjian/zh_CN/index.htm
中南大学,高成德,https://faculty.csu.edu.cn/gaochengde/zh_CN/index.htm
中南大学,何玉辉,http://faculty.csu.edu.cn/heyuhui/zh_CN/index.htm
中南大学,贺地求,#http://faculty.csu.edu.cn/hediqiu/zh_CN/index.htm
中南大学,胡均平,http://faculty.csu.edu.cn/hujunping/zh_CN/index.htm
中南大学,胡仕成,http://faculty.csu.edu.cn/hushicheng/zh_CN/index.htm
中南大学,胡友旺,http://faculty.csu.edu.cn/huyouwang/zh_CN/index.htm
中南大学,黄长清,http://faculty.csu.edu.cn/huangzhangqing/zh_CN/index.htm
中南大学,黄明辉,http://faculty.csu.edu.cn/huangminghui/zh_CN/index.htm
中南大学,黄元春,http://faculty.csu.edu.cn/huangyuanchun/zh_CN/index.htm
中南大学,蒋炳炎,http://faculty.csu.edu.cn/jiangbingyan/zh_CN/index.htm
中南大学,李建军,http://faculty.csu.edu.cn/lijianjun1/zh_CN/index.htm
中南大学,李军辉,http://faculty.csu.edu.cn/lijunhui/zh_CN/index.htm
中南大学,李群明,http://faculty.csu.edu.cn/liqunming/zh_CN/index.htm
中南大学,李毅波,http://faculty.csu.edu.cn/liyibo/zh_CN/index.htm
中南大学,蔺永诚,http://faculty.csu.edu.cn/yclin
中南大学,刘德福,http://faculty.csu.edu.cn/liudefu/zh_CN/index.htm
中南大学,刘峙麟,http://faculty.csu.edu.cn/zhilin_liu/en/index.htm
中南大学,陆新江,http://faculty.csu.edu.cn/luxinjiang/zh_CN/index.htm
中南大学,帅词俊,http://faculty.csu.edu.cn/shuaicijun/zh_CN/index.htm
中南大学,孙小燕,http://faculty.csu.edu.cn/sunxiaoyan/zh_CN/index.htm
中南大学,谭建平,http://faculty.csu.edu.cn/jptan/zh_CN/index.htm
中南大学,唐华平,http://faculty.csu.edu.cn/tanghuaping/zh_CN/index.htm
中南大学,唐进元,http://faculty.csu.edu.cn/tangjinyuan/zh_CN/index.htm
中南大学,汪炼成,http://faculty.csu.edu.cn/wangliancheng/zh_CN/index.htm
中南大学,王艾伦,http://faculty.csu.edu.cn/wangailun/zh_CN/index.htm
中南大学,王聪,https://faculty.csu.edu.cn/wangcong/zh_CN/index.htm
中南大学,王福亮,http://faculty.csu.edu.cn/wangfuliang/zh_CN/index.htm
中南大学,王恒升,http://faculty.csu.edu.cn/wanghengsheng/zh_CN/index.htm
中南大学,王青山,https://faculty.csu.edu.cn/wangqingshan/zh_CN/index.htm
中南大学,吴波,http://faculty.csu.edu.cn/wubo/zh_CN/index.htm
中南大学,吴万荣,http://faculty.csu.edu.cn/wuwanrong/zh_CN/index.htm
中南大学,吴旺青,http://faculty.csu.edu.cn/csuwwq/zh_CN/index.htm
中南大学,吴运新,http://faculty.csu.edu.cn/wuyunxin/zh_CN/index.htm
中南大学,夏毅敏,http://faculty.csu.edu.cn/xiayimin/zh_CN/index.htm
中南大学,肖来荣,http://faculty.csu.edu.cn/xiaolairong/zh_CN/index.htm
中南大学,徐海良,http://faculty.csu.edu.cn/xuhailiang/zh_CN/index.htm
中南大学,严宏志,http://faculty.csu.edu.cn/yanhongzhi/zh_CN/index.htm
中南大学,易幼平,http://faculty.csu.edu.cn/yiyouping/zh_CN/index.htm
中南大学,喻海良,http://faculty.csu.edu.cn/yuhailiang/zh_CN/index.htm
中南大学,湛利华,http://faculty.csu.edu.cn/zhanlihua/zh_CN/index.htm
中南大学,张怀亮,http://faculty.csu.edu.cn/zhanghuailiang/zh_CN/index.htm
中南大学,张立华,http://faculty.csu.edu.cn/zhanglihua/zh_CN/index.htm
中南大学,赵海鸣,http://faculty.csu.edu.cn/zhaohaiming/zh_CN/index.htm
中南大学,周海波,http://faculty.csu.edu.cn/zhouhaibo/zh_CN/index.htm
中南大学,朱建新,http://faculty.csu.edu.cn/zhujianxin/zh_CN/index.htm
中南大学,朱文辉,http://faculty.csu.edu.cn/zhuwenhui/zh_CN/index.htm
中南大学,陈健,http://faculty.csu.edu.cn/chenjian1234/zh_CN/index.htm
中南大学,陈敏,../info/1104/4479.htm
中南大学,崔晓辉,http://faculty.csu.edu.cn/cuixiaohui/zh_CN/index.htm
中南大学,翟瞻宇,http://faculty.csu.edu.cn/zhaizhanyu/zh_CN/index.htm
中南大学,郭海波,http://faculty.csu.edu.cn/guohaibo/zh_CN/index.htm
中南大学,韩奉林,http://faculty.csu.edu.cn/hanfenglin/zh_CN/index.htm
中南大学,何道广,http://faculty.csu.edu.cn/hedaoguang/zh_CN/index.htm
中南大学,贺继林,http://faculty.csu.edu.cn/hejilin/zh_CN/index.htm
中南大学,胡小舟,http://faculty.csu.edu.cn/huxiaozhou/zh_CN/index.htm
中南大学,胡泽华,http://faculty.csu.edu.cn/huzehua/zh_CN/index.htm
中南大学,黄始全,http://faculty.csu.edu.cn/huangshiquan/zh_CN/index.htm
中南大学,李杰杰,http://faculty.csu.edu.cn/lijiejie/zh_CN/index.htm
中南大学,李松柏,http://faculty.csu.edu.cn/lisongbo/zh_CN/index.htm
中南大学,李洲,http://faculty.csu.edu.cn/~mUF3e2/zh_CN/index.htm
中南大学,林赉贶,http://faculty.csu.edu.cn/linlaikuang1/zh_CN/index.htm
中南大学,刘春辉,http://faculty.csu.edu.cn/liuchunhui/zh_CN/index.htm
中南大学,刘林鹏,https://faculty.csu.edu.cn/liulinpeng/zh_CN/index.htm
中南大学,卢知来,http://faculty.csu.edu.cn/mezhlu/zh_CN/index.htm
中南大学,罗春雷,http://faculty.csu.edu.cn/luochunlei/zh_CN/index.htm
中南大学,罗志,http://faculty.csu.edu.cn/luozhi/zh_CN/index.htm
中南大学,潘晴,http://faculty.csu.edu.cn/panqing/zh_CN/index.htm
中南大学,申儒林,http://faculty.csu.edu.cn/shenrulin/zh_CN/index.htm
中南大学,宋佳楠,https://faculty.csu.edu.cn/songjianan/zh_CN/index.htm
中南大学,谭先华,https://faculty.csu.edu.cn/tanxianhua/zh_CN/index.htm
中南大学,汤晓燕,http://faculty.csu.edu.cn/tangxiaoyan/zh_CN/index.htm
中南大学,夏士奇,https://faculty.csu.edu.cn/xiashiqi/zh_CN/index.htm
中南大学,谢习华,http://faculty.csu.edu.cn/xiexihua/zh_CN/index.htm
中南大学,徐永谦,http://faculty.csu.edu.cn/xuyongqian/zh_CN/index.htm
中南大学,余龙,https://faculty.csu.edu.cn/yulong/zh_CN/index.htm
中南大学,袁望姣,http://faculty.csu.edu.cn/yuanwangjiao/zh_CN/index.htm
中南大学,张露,http://faculty.csu.edu.cn/zhanglu/zh_CN/index/191766/list/index.htm
中南大学,张翼,http://faculty.csu.edu.cn/zhangyi12345/zh_CN/index/191452/list/index.htm
中南大学,钟国梁,http://faculty.csu.edu.cn/zhongguoliang/zh_CN/index.htm
中南大学,周亮,http://faculty.csu.edu.cn/zhouliang2/zh_CN/index.htm
中南大学,周明勇,http://faculty.csu.edu.cn/zhoumingyong1989/zh_CN/index.htm
中南大学,周亚军,http://faculty.csu.edu.cn/zhouyajun/zh_CN/index.htm
中南大学,周元生,http://faculty.csu.edu.cn/zhouyuansheng/zh_CN/index.htm
中南大学,朱桂华,http://faculty.csu.edu.cn/zhuguihua/zh_CN/index.htm
中南大学,陈龙庭,http://faculty.csu.edu.cn/chenlongting/zh_CN/index.htm
中南大学,勾哲,https://faculty.csu.edu.cn/gouzhe/zh_CN/index.htm
中南大学,贾贤石,http://faculty.csu.edu.cn/jiaxianshi/zh_CN/index.htm
中南大学,李凯,http://faculty.csu.edu.cn/likai1/zh_CN/index.htm
中南大学,刘冠,https://faculty.csu.edu.cn/liuguan/zh_CN/index.htm
中南大学,刘蕾,http://faculty.csu.edu.cn/~bA7JFb/zh_CN/index.htm
中南大学,彭华建,http://faculty.csu.edu.cn/penghuajian/zh_CN/index.htm
中南大学,王强,http://faculty.csu.edu.cn/wangqiang1/zh_CN/index.htm
中南大学,吴佳斌,https://faculty.csu.edu.cn/wujiabin/zh_CN/index.htm
中南大学,戴泽宇,../info/1106/4001.htm
中南大学,童俊杰,http://faculty.csu.edu.cn/tongjunjie/zh_CN/index.htm
中南大学,易念恩,http://faculty.csu.edu.cn/yinianen/zh_CN/index.htm
湘潭大学,闭业宾,https://jxgc.xtu.edu.cn/info/1108/4164.htm
湘潭大学,蔡嘉敏,https://jxgc.xtu.edu.cn/info/1108/4172.htm
湘潭大学,曹尉南,https://jxgc.xtu.edu.cn/info/1108/4171.htm
湘潭大学,陈格平,https://jxgc.xtu.edu.cn/info/1108/4166.htm
湘潭大学,陈睿,https://jxgc.xtu.edu.cn/info/1108/4170.htm
湘潭大学,陈伟,https://jxgc.xtu.edu.cn/info/1108/4193.htm
湘潭大学,陈小告,https://jxgc.xtu.edu.cn/info/1108/4175.htm
湘潭大学,陈莹,https://jxgc.xtu.edu.cn/info/1108/4198.htm
湘潭大学,陈愚,https://jxgc.xtu.edu.cn/info/1108/4174.htm
湘潭大学,成闽湘,https://jxgc.xtu.edu.cn/info/1108/4165.htm
湘潭大学,邓建勇,https://jxgc.xtu.edu.cn/info/1108/4662.htm
湘潭大学,邓旭辉,https://jxgc.xtu.edu.cn/info/1108/4701.htm
湘潭大学,丁琰,https://jxgc.xtu.edu.cn/info/1108/4186.htm
湘潭大学,丁燕怀,https://jxgc.xtu.edu.cn/info/1108/4721.htm
湘潭大学,董辉,https://jxgc.xtu.edu.cn/info/1108/4205.htm
湘潭大学,董文正,https://jxgc.xtu.edu.cn/info/1108/5381.htm
湘潭大学,杜滔,https://jxgc.xtu.edu.cn/info/1108/4179.htm
湘潭大学,傅兵,https://jxgc.xtu.edu.cn/info/1108/4225.htm
湘潭大学,傅燕翔,https://jxgc.xtu.edu.cn/info/1108/4181.htm
湘潭大学,甘雨,https://jxgc.xtu.edu.cn/info/1108/4848.htm
湖南科技大学,宾光富,https://jxsb.hnust.edu.cn/sysjs/sysld/f86ad8f52c784d76a23f3f51b149061b.htm
湖南科技大学,陈安华,https://jd.hnust.edu.cn/xygk/msfc/9366452a5c284885885de2a59d2c0cc1.htm
湖南科技大学,戴巨川,https://jd.hnust.edu.cn/xygk/msfc/6966377b70cb49f0aa1a20b9fe95cb35.htm
湖南科技大学,郭迎福,https://jd.hnust.edu.cn/xygk/msfc/e37129d90a724fceb83c70dcbadae452.htm
湖南科技大学,胡小平,https://jd.hnust.edu.cn/xygk/msfc/665a9cdf720e4a0f8abe8a1174682af8.htm
湖南科技大学,黄良沛,https://jd.hnust.edu.cn/xygk/msfc/01d07051803744a5aff704e5a896a420.htm
湖南科技大学,李鹏南,https://jd.hnust.edu.cn/xygk/msfc/fec99901573f42bcb52b26737a687c3e.htm
湖南科技大学,刘德顺,https://jd.hnust.edu.cn/xygk/msfc/45b5051cc34046198de124cea1fd89d0.htm
湖南科技大学,牛秋林,https://jd.hnust.edu.cn/szdw/grxx/4316c3cc328740e38d2a7db432a61ac6.htm
湖南科技大学,毛征宇,https://jd.hnust.edu.cn/szdw/grxx/f0a7fec26b754e1cac10330dfc5add55.htm
湖南科技大学,彭佑多,https://jd.hnust.edu.cn/xygk/msfc/774311d488c54bcbafbca67d53fab0a2.htm
湖南科技大学,万步炎,https://jd.hnust.edu.cn/xygk/msfc/05d1e72c18624ea9a835db6b94d1ab59.htm
湖南科技大学,文泽军,https://jd.hnust.edu.cn/xygk/msfc/7b907a056413450c8c305cf5f1b24af7.htm
湖南科技大学,伍济钢,https://jd.hnust.edu.cn/xygk/msfc/69590886865041d2b18a43518cfe2240.htm
湖南科技大学,杨书仪,https://jd.hnust.edu.cn/xygk/msfc/00eaeb64eaf24f188b9140332b38673e.htm
湖南科技大学,赵前程,https://jd.hnust.edu.cn/xygk/msfc/36a3a4458a4048bcaf94214e96d9c222.htm
湖南科技大学,何先龙,https://jd.hnust.edu.cn/szdw/grxx/00cc62262e024b95bdd66574dd2cc307.htm
湖南科技大学,唐思文,https://jxsb.hnust.edu.cn/kytd/nmclykmfhjsyjs/3aff2e29e00f4020a7e3ad0e17c26e6a.htm
湖南科技大学,蔡志华,https://jd.hnust.edu.cn/szdw/grxx/9bd1cb92146643838bab5448d2bb7783.htm
湖南科技大学,陈立锋,https://jd.hnust.edu.cn/szdw/grxx/0849fc5bc5554ede9a5298e153256086.htm
湖南科技大学,高贵兵,https://jd.hnust.edu.cn/szdw/grxx/c4651a0ec551443e816d24a7361f7e27.htm
湖南科技大学,何琼,https://jd.hnust.edu.cn/szdw/grxx/d1ba525a5d4141c392adb5d40e1296e2.htm
湖南科技大学,李桂兵,https://jd.hnust.edu.cn/szdw/grxx/133084d8a52b4e2793d235467b87d109.htm
湖南科技大学,李洪周,https://jd.hnust.edu.cn/szdw/grxx/f8f57c05e41849a58b8c47d3a9b607af.htm
湖南科技大学,李树健,https://jd.hnust.edu.cn/szdw/grxx/4d43f4f75b654e8194f69e46de20e7c9.htm
湖南科技大学,凌启辉,https://jd.hnust.edu.cn/szdw/grxx/7bc762bc0c4840a9a3ad264f7db0b320.htm
湖南科技大学,周志华,https://jd.hnust.edu.cn/szdw/grxx/f354ed9ba35a40649e0effd3734f3a3e.htm
湖南科技大学,颜健,https://jd.hnust.edu.cn/szdw/grxx/7909435ad65343c3a1f49d74c1218f5c.htm
湖南科技大学,李常平,https://jd.hnust.edu.cn/szdw/grxx/d538fe7cfe80478ab89b4e83f11747d2.htm
湖南科技大学,肖钊,https://jd.hnust.edu.cn/szdw/grxx/1cd8e3c3e9114a559e2e3b9dd99361e2.htm
湖南科技大学,陈哲吾,https://jd.hnust.edu.cn/szdw/grxx/479e3084adb745bfb55cd39d8dc8f218.htm
湖南科技大学,邱新义,https://jd.hnust.edu.cn/szdw/grxx/f142dde9b3f943c28b86cc21b2e74c79.htm
湖南科技大学,高国强,https://jd.hnust.edu.cn/szdw/grxx/efa74957e8954c09975b39189078e9ee.htm
湖南科技大学,胡灿,https://jd.hnust.edu.cn/szdw/grxx/cb20ba5952e04bf7a88ce6940e67fad0.htm
湖南科技大学,吕黎曙,https://jd.hnust.edu.cn/szdw/grxx/9e4d032b7a084ddba713df53b901083d.htm
湖南科技大学,彭向前,https://jd.hnust.edu.cn/szdw/grxx/8748a4fcc0034682a672ce19ba7ddfda.htm
湖南科技大学,汪志能,https://jd.hnust.edu.cn/szdw/grxx/698842254f86481fa1e6a449b917584d.htm
湖南科技大学,王敏,https://jd.hnust.edu.cn/szdw/grxx/679f629afa6a479ba50566e3019d5ba5.htm
湖南科技大学,许建元,https://jd.hnust.edu.cn/szdw/grxx/4efad38729214e31bf9e610f09076f9c.htm
湖南科技大学,张华,https://jd.hnust.edu.cn/szdw/grxx/3c097d79d4da4a68b6243752b1ae4d2c.htm
长沙理工大学,胡林教授,https://www.csust.edu.cn/qjxy/info/1453/13426.htm
长沙理工大学,雷正保教授,https://www.csust.edu.cn/qjxy/info/1453/13425.htm
长沙理工大学,李岳林教授,https://www.csust.edu.cn/qjxy/info/1453/13424.htm
长沙理工大学,刘鑫教授,https://www.csust.edu.cn/qjxy/info/1453/13423.htm
长沙理工大学,刘志强教授,https://www.csust.edu.cn/qjxy/info/1453/13655.htm
长沙理工大学,吴钢教授,https://www.csust.edu.cn/qjxy/info/1453/13422.htm
长沙理工大学,张新教授,https://www.csust.edu.cn/qjxy/info/1453/13421.htm
长沙理工大学,邹铁方教授,https://www.csust.edu.cn/qjxy/info/1453/13420.htm
长沙理工大学,高凯副教授,https://www.csust.edu.cn/qjxy/info/1454/13419.htm
长沙理工大学,李奇奇副教授,https://www.csust.edu.cn/qjxy/info/1454/13418.htm
长沙理工大学,苗秀娟副教授,https://www.csust.edu.cn/qjxy/info/1454/13417.htm
长沙理工大学,王方副教授,https://www.csust.edu.cn/qjxy/info/1454/13416.htm
长沙理工大学,伍文广副教授,https://www.csust.edu.cn/qjxy/info/1454/13415.htm
长沙理工大学,武和全副教授,https://www.csust.edu.cn/qjxy/info/1454/13414.htm
长沙理工大学,肖新华副教授,https://www.csust.edu.cn/qjxy/info/1454/13413.htm
长沙理工大学,徐小林副教授,https://www.csust.edu.cn/qjxy/info/1454/13412.htm
长沙理工大学,张旭副教授,https://www.csust.edu.cn/qjxy/info/1454/14140.htm
长沙理工大学,张志勇副教授,https://www.csust.edu.cn/qjxy/info/1454/13411.htm
长沙理工大学,章杰副教授,https://www.csust.edu.cn/qjxy/info/1454/14145.htm
长沙理工大学,陈彬讲师,https://www.csust.edu.cn/qjxy/info/1455/13410.htm
长沙理工大学,邓桦坤讲师,https://www.csust.edu.cn/qjxy/info/1455/13409.htm
长沙理工大学,廖家才讲师,https://www.csust.edu.cn/qjxy/info/1455/13408.htm
长沙理工大学,刘凯讲师,https://www.csust.edu.cn/qjxy/info/1455/13407.htm
长沙理工大学,刘鹏讲师,https://www.csust.edu.cn/qjxy/info/1455/13406.htm
长沙理工大学,王丹琦讲师,https://www.csust.edu.cn/qjxy/info/1455/13405.htm
长沙理工大学,王兴华讲师,https://www.csust.edu.cn/qjxy/info/1455/13663.htm
长沙理工大学,吴少伟讲师,https://www.csust.edu.cn/qjxy/info/1455/13404.htm
长沙理工大学,伍鹏飞,https://www.csust.edu.cn/qjxy/info/1455/14063.htm
长沙理工大学,谢博群,https://www.csust.edu.cn/qjxy/info/1455/13984.htm
长沙理工大学,朱文豪,https://www.csust.edu.cn/qjxy/info/1455/14048.htm
长沙理工大学,杜荣华教授,https://www.csust.edu.cn/qjxy/info/1456/13401.htm
长沙理工大学,贺尚红教授,https://www.csust.edu.cn/qjxy/info/1456/13399.htm
长沙理工大学,胡永乐教授,https://www.csust.edu.cn/qjxy/info/1456/13402.htm
长沙理工大学,黄毅教授,https://www.csust.edu.cn/qjxy/info/1456/13400.htm
长沙理工大学,陈耿彪副教授,https://www.csust.edu.cn/qjxy/info/1457/13398.htm
长沙理工大学,陈小敏副教授,https://www.csust.edu.cn/qjxy/info/1457/13397.htm
长沙理工大学,贺湘宇副教授,https://www.csust.edu.cn/qjxy/info/1457/13396.htm
长沙理工大学,胡波副教授,https://www.csust.edu.cn/qjxy/info/1457/13395.htm
长沙理工大学,李旭宇副教授,https://www.csust.edu.cn/qjxy/info/1457/13394.htm
长沙理工大学,李亚非副教授,https://www.csust.edu.cn/qjxy/info/1457/13393.htm
长沙理工大学,唐宏宾副教授,https://www.csust.edu.cn/qjxy/info/1457/13654.htm
长沙理工大学,唐伟东副教授,https://www.csust.edu.cn/qjxy/info/1457/14141.htm
长沙理工大学,仝永刚副教授,https://www.csust.edu.cn/qjxy/info/1457/13392.htm
长沙理工大学,蔡金虎讲师,https://www.csust.edu.cn/qjxy/info/1458/13391.htm
长沙理工大学,陈书涵讲师,https://www.csust.edu.cn/qjxy/info/1458/13390.htm
长沙理工大学,何建军讲师,https://www.csust.edu.cn/qjxy/info/1458/13389.htm
长沙理工大学,黄龙讲师,https://www.csust.edu.cn/qjxy/info/1458/13388.htm
长沙理工大学,李战慧讲师,https://www.csust.edu.cn/qjxy/info/1458/13387.htm
长沙理工大学,罗奇讲师,https://www.csust.edu.cn/qjxy/info/1458/13386.htm
长沙理工大学,罗源嫱讲师,https://www.csust.edu.cn/qjxy/info/1458/13385.htm
长沙理工大学,任广安讲师,https://www.csust.edu.cn/qjxy/info/1458/13645.htm
长沙理工大学,苏杰,https://www.csust.edu.cn/qjxy/info/1458/14049.htm
长沙理工大学,王开明讲师,https://www.csust.edu.cn/qjxy/info/1458/13383.htm
长沙理工大学,王龙凯讲师,https://www.csust.edu.cn/qjxy/info/1458/13382.htm
长沙理工大学,吴悠讲师,https://www.csust.edu.cn/qjxy/info/1458/13381.htm
长沙理工大学,许都讲师,https://www.csust.edu.cn/qjxy/info/1458/13646.htm
长沙理工大学,严一雄讲师,https://www.csust.edu.cn/qjxy/info/1458/13380.htm
长沙理工大学,张金来讲师,https://www.csust.edu.cn/qjxy/info/1458/13644.htm
长沙理工大学,张鹏讲师,https://www.csust.edu.cn/qjxy/info/1458/13379.htm
长沙理工大学,周振华讲师,https://www.csust.edu.cn/qjxy/info/1458/13648.htm
长沙理工大学,侯志祥教授,https://www.csust.edu.cn/qjxy/info/1459/13641.htm
长沙理工大学,胡宏伟教授,https://www.csust.edu.cn/qjxy/info/1459/13375.htm
长沙理工大学,荣见华教授,https://www.csust.edu.cn/qjxy/info/1459/13374.htm
长沙理工大学,王向红特聘教授,https://www.csust.edu.cn/qjxy/info/1459/14138.htm
长沙理工大学,李凤玲副教授,https://www.csust.edu.cn/qjxy/info/1460/13373.htm
长沙理工大学,刘晖副教授,https://www.csust.edu.cn/qjxy/info/1460/13372.htm
长沙理工大学,张玉萍副教授,https://www.csust.edu.cn/qjxy/info/1460/13370.htm
长沙理工大学,何知义讲师,https://www.csust.edu.cn/qjxy/info/1461/13369.htm
长沙理工大学,刘理讲师,https://www.csust.edu.cn/qjxy/info/1461/14113.htm
长沙理工大学,刘文正讲师,https://www.csust.edu.cn/qjxy/info/1461/13649.htm
长沙理工大学,刘芝平讲师,https://www.csust.edu.cn/qjxy/info/1461/13368.htm
长沙理工大学,罗晓飞讲师,https://www.csust.edu.cn/qjxy/info/1461/13650.htm
长沙理工大学,吕铎讲师,https://www.csust.edu.cn/qjxy/info/1461/13367.htm
长沙理工大学,徐晓强讲师,https://www.csust.edu.cn/qjxy/info/1461/13366.htm
长沙理工大学,龙春光教授,https://www.csust.edu.cn/qjxy/info/1462/13363.htm
长沙理工大学,毛聪教授,https://www.csust.edu.cn/qjxy/info/1462/13362.htm
长沙理工大学,张健教授,https://www.csust.edu.cn/qjxy/info/1462/13361.htm
长沙理工大学,张明军教授,https://www.csust.edu.cn/qjxy/info/1462/14139.htm
长沙理工大学,戴晓元副教授,https://www.csust.edu.cn/qjxy/info/1463/13360.htm
长沙理工大学,华熳煜副教授,https://www.csust.edu.cn/qjxy/info/1463/13359.htm
长沙理工大学,唐昆副教授,https://www.csust.edu.cn/qjxy/info/1463/13358.htm
长沙理工大学,周小杰副教授,https://www.csust.edu.cn/qjxy/info/1463/13356.htm
长沙理工大学,程波讲师,https://www.csust.edu.cn/qjxy/info/1464/13355.htm
长沙理工大学,戴隆州讲师,https://www.csust.edu.cn/qjxy/info/1464/13354.htm
长沙理工大学,方靖中讲师,https://www.csust.edu.cn/qjxy/info/1464/13353.htm
长沙理工大学,吉希希讲师,https://www.csust.edu.cn/qjxy/info/1464/13352.htm
长沙理工大学,卢先正讲师,https://www.csust.edu.cn/qjxy/info/1464/13351.htm
长沙理工大学,罗奕兵讲师,https://www.csust.edu.cn/qjxy/info/1464/13350.htm
长沙理工大学,庞小通讲师,https://www.csust.edu.cn/qjxy/info/1464/13651.htm
长沙理工大学,王文涛讲师,https://www.csust.edu.cn/qjxy/info/1464/13652.htm
长沙理工大学,余小峰讲师,https://www.csust.edu.cn/qjxy/info/1464/13349.htm
长沙理工大学,张航讲师,https://www.csust.edu.cn/qjxy/info/1464/13348.htm
长沙理工大学,尹来容教授,https://www.csust.edu.cn/qjxy/info/1465/13310.htm
长沙理工大学,陈宇锋副教授,https://www.csust.edu.cn/qjxy/info/1466/13346.htm
长沙理工大学,李河清副教授,https://www.csust.edu.cn/qjxy/info/1466/13321.htm
长沙理工大学,彭翠芳副教授,https://www.csust.edu.cn/qjxy/info/1466/13320.htm
长沙理工大学,魏吉双副教授,https://www.csust.edu.cn/qjxy/info/1466/13319.htm
长沙理工大学,吴茵副教授,https://www.csust.edu.cn/qjxy/info/1466/13318.htm
长沙理工大学,董建雄讲师,https://www.csust.edu.cn/qjxy/info/1467/13317.htm
长沙理工大学,寇莉莉讲师,https://www.csust.edu.cn/qjxy/info/1467/13316.htm
长沙理工大学,雷兆虹讲师,https://www.csust.edu.cn/qjxy/info/1467/13315.htm
长沙理工大学,李佳豪讲师,https://www.csust.edu.cn/qjxy/info/1467/13653.htm
长沙理工大学,穆青讲师,https://www.csust.edu.cn/qjxy/info/1467/13314.htm
长沙理工大学,彭伟杰讲师,https://www.csust.edu.cn/qjxy/info/1467/13313.htm
长沙理工大学,汪红兵讲师,https://www.csust.edu.cn/qjxy/info/1467/13312.htm
长沙理工大学,叶思琴讲师,https://www.csust.edu.cn/qjxy/info/1467/13311.htm
长沙理工大学,何志勇高级工程师,https://www.csust.edu.cn/qjxy/info/1489/13574.htm
长沙理工大学,康敏高级工程师,https://www.csust.edu.cn/qjxy/info/1489/13575.htm
长沙理工大学,吴文兵高级实验师,https://www.csust.edu.cn/qjxy/info/1489/13576.htm
长沙理工大学,杨义蛟高级实验师,https://www.csust.edu.cn/qjxy/info/1489/13577.htm
长沙理工大学,曾志伟高级实验师,https://www.csust.edu.cn/qjxy/info/1489/13573.htm
长沙理工大学,曹太山实验师,https://www.csust.edu.cn/qjxy/info/1490/13578.htm
长沙理工大学,陈志刚,https://www.csust.edu.cn/qjxy/info/1490/13579.htm
长沙理工大学,梁亮讲师,https://www.csust.edu.cn/qjxy/info/1490/13580.htm
长沙理工大学,易继军讲师,https://www.csust.edu.cn/qjxy/info/1490/13581.htm
长沙理工大学,张楚书实验师,https://www.csust.edu.cn/qjxy/info/1490/13582.htm
长沙理工大学,曹红英学科与科研办公室主任,https://www.csust.edu.cn/qjxy/info/1486/13583.htm
长沙理工大学,陈燕组织员,https://www.csust.edu.cn/qjxy/info/1486/13610.htm
长沙理工大学,刘归华党政办公室主任,https://www.csust.edu.cn/qjxy/info/1486/13585.htm
长沙理工大学,马丁研究生工作办公室主任,https://www.csust.edu.cn/qjxy/info/1486/13584.htm
长沙理工大学,彭琼英学工办公室主任,https://www.csust.edu.cn/qjxy/info/1486/13586.htm
长沙理工大学,宋新团委书记,https://www.csust.edu.cn/qjxy/info/1486/13587.htm
长沙理工大学,王婧教务办公室副主任,https://www.csust.edu.cn/qjxy/info/1486/13588.htm
长沙理工大学,白小山辅导员,https://www.csust.edu.cn/qjxy/info/1487/13689.htm
长沙理工大学,蔡翔羽辅导员,https://www.csust.edu.cn/qjxy/info/1487/13589.htm
长沙理工大学,陈清华综合办干事,https://www.csust.edu.cn/qjxy/info/1487/13590.htm
长沙理工大学,李凯辉辅导员,https://www.csust.edu.cn/qjxy/info/1487/13592.htm
长沙理工大学,刘荔教务办干事,https://www.csust.edu.cn/qjxy/info/1487/13593.htm
长沙理工大学,刘子硕辅导员,https://www.csust.edu.cn/qjxy/info/1487/13594.htm
长沙理工大学,陶蓝辅导员,https://www.csust.edu.cn/qjxy/info/1487/13595.htm
长沙理工大学,万雨晴辅导员,https://www.csust.edu.cn/qjxy/info/1487/13985.htm
北京大学,包为民,https://www.coe.pku.edu.cn//teaching/all_time/7272.html
北京大学,蔡庆东,https://www.coe.pku.edu.cn//teaching/all_time/7167.html
北京大学,常海滨,https://www.coe.pku.edu.cn//teaching/all_time/7313.html
北京大学,陈光,https://www.coe.pku.edu.cn//teaching/all_time/7283.html
北京大学,陈国谦,https://www.coe.pku.edu.cn//teaching/all_time/7168.html
北京大学,陈建霖,https://www.coe.pku.edu.cn//teaching/all_time/7274.html
北京大学,陈默涵,https://www.coe.pku.edu.cn//teaching/all_time/7276.html
北京大学,陈璞,https://www.coe.pku.edu.cn//teaching/all_time/7169.html
北京大学,陈十一,https://www.coe.pku.edu.cn//teaching/all_time/7170.html
北京大学,陈威,https://www.coe.pku.edu.cn//teaching/all_time/7338.html
北京大学,陈伟,https://www.coe.pku.edu.cn//teaching/all_time/7282.html
北京大学,陈祥宝,https://www.coe.pku.edu.cn//teaching/all_time/7039.html
北京大学,陈永强,https://www.coe.pku.edu.cn//teaching/all_time/7172.html
北京大学,陈正,https://www.coe.pku.edu.cn//teaching/all_time/7195.html
北京大学,陈帜,https://www.coe.pku.edu.cn//teaching/all_time/7162.html
北京大学,程承旗,https://www.coe.pku.edu.cn//teaching/all_time/7159.html
北京大学,楚天广,https://www.coe.pku.edu.cn//teaching/all_time/7146.html
北京大学,戴兆贺,https://www.coe.pku.edu.cn//teaching/all_time/11371.html
北京大学,邓航,https://www.coe.pku.edu.cn//teaching/all_time/11136.html
北京大学,邸元,https://www.coe.pku.edu.cn//teaching/all_time/7314.html
北京大学,丁陈森,https://www.coe.pku.edu.cn//teaching/all_time/11714.html
北京大学,段慧玲,https://www.coe.pku.edu.cn//teaching/all_time/7334.html
北京大学,段志生,https://www.coe.pku.edu.cn//teaching/all_time/7178.html
北京大学,方竞,https://www.coe.pku.edu.cn//teaching/all_time/7184.html
北京大学,冯帆,https://www.coe.pku.edu.cn//teaching/all_time/12607.html
北京大学,符策基,https://www.coe.pku.edu.cn//teaching/all_time/7187.html
北京大学,国萌,https://www.coe.pku.edu.cn//teaching/all_time/11200.html
北京大学,何冠楠,https://www.coe.pku.edu.cn//teaching/all_time/7145.html
北京大学,贺贤土,https://www.coe.pku.edu.cn//teaching/all_time/7191.html
北京大学,黄建永,https://www.coe.pku.edu.cn//teaching/all_time/7194.html
北京大学,黄琳,https://www.coe.pku.edu.cn//teaching/all_time/7196.html
北京大学,黄天云,https://www.coe.pku.edu.cn//teaching/all_time/7278.html
北京大学,黄源浩,https://www.coe.pku.edu.cn//teaching/all_time/10769.html
北京大学,黄迅,https://www.coe.pku.edu.cn//teaching/all_time/7154.html
北京大学,康炜,https://www.coe.pku.edu.cn//teaching/all_time/11314.html
北京大学,孔诗涵,https://www.coe.pku.edu.cn//teaching/all_time/12609.html
北京大学,黎波,https://www.coe.pku.edu.cn//teaching/all_time/11530.html
北京大学,李阿明,https://www.coe.pku.edu.cn//teaching/all_time/7277.html
北京大学,李存标,https://www.coe.pku.edu.cn//teaching/all_time/7151.html
北京大学,李法新,https://www.coe.pku.edu.cn//teaching/all_time/7197.html
北京大学,李国洋,https://www.coe.pku.edu.cn//teaching/all_time/11935.html
北京大学,李宏源,https://www.coe.pku.edu.cn//teaching/all_time/12675.html
北京大学,李家彪,https://www.coe.pku.edu.cn//teaching/all_time/7033.html
北京大学,李康康,https://www.coe.pku.edu.cn//teaching/all_time/11667.html
北京大学,李启亮,https://www.coe.pku.edu.cn//teaching/all_time/12696.html
北京大学,李水乡,https://www.coe.pku.edu.cn//teaching/all_time/7199.html
北京大学,李兴无,https://www.coe.pku.edu.cn//teaching/all_time/10756.html
北京大学,李咏梅,https://www.coe.pku.edu.cn//teaching/all_time/7335.html
北京大学,李泽湘,https://www.coe.pku.edu.cn//teaching/all_time/10772.html
北京大学,李植,https://www.coe.pku.edu.cn//teaching/all_time/7203.html
北京大学,李忠奎,https://www.coe.pku.edu.cn//teaching/all_time/7206.html
北京大学,励争,https://www.coe.pku.edu.cn//teaching/all_time/7201.html
北京大学,刘才山,https://www.coe.pku.edu.cn//teaching/all_time/7153.html
北京大学,刘畅,https://www.coe.pku.edu.cn//teaching/all_time/10394.html
北京大学,刘剑飞,https://www.coe.pku.edu.cn//teaching/all_time/7208.html
北京大学,刘珂,https://www.coe.pku.edu.cn//teaching/all_time/10929.html
北京大学,刘谋斌,https://www.coe.pku.edu.cn//teaching/all_time/81.html
北京大学,刘牧时,https://www.coe.pku.edu.cn//teaching/all_time/7340.html
北京大学,罗琳,https://www.coe.pku.edu.cn//teaching/all_time/11195.html
北京大学,吕本帅,https://www.coe.pku.edu.cn//teaching/all_time/7150.html
北京大学,吕鹏宇,https://www.coe.pku.edu.cn//teaching/all_time/7226.html
北京大学,满怡,https://www.coe.pku.edu.cn//teaching/all_time/11364.html
北京大学,毛晟,https://www.coe.pku.edu.cn//teaching/all_time/7291.html
北京大学,梅文俊,https://www.coe.pku.edu.cn//teaching/all_time/10395.html
北京大学,米建春,https://www.coe.pku.edu.cn//teaching/all_time/7318.html
北京大学,裴永茂,https://www.coe.pku.edu.cn//teaching/all_time/7230.html
北京大学,彭雨粲,https://www.coe.pku.edu.cn//teaching/all_time/12305.html
北京大学,濮国梁,https://www.coe.pku.edu.cn//teaching/all_time/7149.html
北京大学,曲腾腾,https://www.coe.pku.edu.cn//teaching/all_time/11122.html
北京大学,荣起国,https://www.coe.pku.edu.cn//teaching/all_time/7232.html
北京大学,芮筱亭,https://www.coe.pku.edu.cn//teaching/all_time/7023.html
北京大学,邵金燕,https://www.coe.pku.edu.cn//teaching/all_time/7268.html
北京大学,佘振苏,https://www.coe.pku.edu.cn//teaching/all_time/7234.html
北京大学,沈在意,https://www.coe.pku.edu.cn//teaching/all_time/11942.html
北京大学,史一蓬,https://www.coe.pku.edu.cn//teaching/all_time/7236.html
北京大学,宋柏,https://www.coe.pku.edu.cn//teaching/all_time/7312.html
北京大学,宋保方,https://www.coe.pku.edu.cn//teaching/all_time/11927.html
北京大学,宋洁,https://www.coe.pku.edu.cn//teaching/all_time/78.html
北京大学,苏卫东,https://www.coe.pku.edu.cn//teaching/all_time/7238.html
北京大学,孙树立,https://www.coe.pku.edu.cn//teaching/all_time/7240.html
北京大学,孙智利,https://www.coe.pku.edu.cn//teaching/all_time/7336.html
北京大学,谭文长,https://www.coe.pku.edu.cn//teaching/all_time/7241.html
北京大学,唐少强,https://www.coe.pku.edu.cn//teaching/all_time/7242.html
北京大学,唐聿劼,https://www.coe.pku.edu.cn//teaching/all_time/11653.html
北京大学,陶建军,https://www.coe.pku.edu.cn//teaching/all_time/7244.html
北京大学,王德成,https://www.coe.pku.edu.cn//teaching/all_time/10766.html
北京大学,王茤祥,https://www.coe.pku.edu.cn//teaching/all_time/7141.html
北京大学,王昊,https://www.coe.pku.edu.cn//teaching/all_time/7310.html
北京大学,王建祥,https://www.coe.pku.edu.cn//teaching/all_time/7248.html
北京大学,王健平,https://www.coe.pku.edu.cn//teaching/all_time/7245.html
北京大学,王金枝,https://www.coe.pku.edu.cn//teaching/all_time/7249.html
北京大学,王龙,https://www.coe.pku.edu.cn//teaching/all_time/7264.html
北京大学,王启宁,https://www.coe.pku.edu.cn//teaching/all_time/7143.html
北京大学,王圣凯,https://www.coe.pku.edu.cn//teaching/all_time/7284.html
北京大学,王雪峰,https://www.coe.pku.edu.cn//teaching/all_time/7256.html
北京大学,王勇,https://www.coe.pku.edu.cn//teaching/all_time/7250.html
北京大学,韦小丁,https://www.coe.pku.edu.cn//teaching/all_time/7253.html
北京大学,魏悦广,https://www.coe.pku.edu.cn//teaching/all_time/7008.html
北京大学,温庆志,https://www.coe.pku.edu.cn//teaching/all_time/7306.html
北京大学,文再文,https://www.coe.pku.edu.cn//teaching/all_time/10922.html
北京大学,吴建国,https://www.coe.pku.edu.cn//teaching/all_time/7140.html
北京大学,吴立新,https://www.coe.pku.edu.cn//teaching/all_time/7166.html
北京大学,吴晓磊,https://www.coe.pku.edu.cn//teaching/all_time/7305.html
北京大学,肖左利,https://www.coe.pku.edu.cn//teaching/all_time/7257.html
北京大学,谢广明,https://www.coe.pku.edu.cn//teaching/all_time/7139.html
北京大学,谢金翰,https://www.coe.pku.edu.cn//teaching/all_time/7171.html
北京大学,熊春阳,https://www.coe.pku.edu.cn//teaching/all_time/7258.html
北京大学,徐克,https://www.coe.pku.edu.cn//teaching/all_time/7300.html
北京大学,杨剑影,https://www.coe.pku.edu.cn//teaching/all_time/7259.html
北京大学,杨林,https://www.coe.pku.edu.cn//teaching/all_time/11600.html
北京大学,杨延涛,https://www.coe.pku.edu.cn//teaching/all_time/7260.html
北京大学,杨莹,https://www.coe.pku.edu.cn//teaching/all_time/7262.html
北京大学,杨越,https://www.coe.pku.edu.cn//teaching/all_time/7263.html
北京大学,易新,https://www.coe.pku.edu.cn//teaching/all_time/7265.html
北京大学,尤鹏程,https://www.coe.pku.edu.cn//teaching/all_time/11308.html
北京大学,喻俊志,https://www.coe.pku.edu.cn//teaching/all_time/7292.html
北京大学,袁小婷,https://www.coe.pku.edu.cn//teaching/all_time/11687.html
北京大学,袁子峰,https://www.coe.pku.edu.cn//teaching/all_time/7279.html
北京大学,张东晓,https://www.coe.pku.edu.cn//teaching/all_time/6998.html
北京大学,张飞天,https://www.coe.pku.edu.cn//teaching/all_time/7243.html
北京大学,张珏,https://www.coe.pku.edu.cn//teaching/all_time/7267.html
北京大学,张通,https://www.coe.pku.edu.cn//teaching/all_time/77.html
北京大学,张玺,https://www.coe.pku.edu.cn//teaching/all_time/7138.html
北京大学,张璇,https://www.coe.pku.edu.cn//teaching/all_time/12585.html
北京大学,张信荣,https://www.coe.pku.edu.cn//teaching/all_time/7297.html
北京大学,张寅,https://www.coe.pku.edu.cn//teaching/all_time/11996.html
北京大学,赵皓,https://www.coe.pku.edu.cn//teaching/all_time/7148.html
北京大学,赵耀民,https://www.coe.pku.edu.cn//teaching/all_time/7164.html
北京大学,郑强,https://www.coe.pku.edu.cn//teaching/all_time/7137.html
北京大学,郑晓静,https://www.coe.pku.edu.cn//teaching/all_time/6995.html
北京大学,周超,https://www.coe.pku.edu.cn//teaching/all_time/7147.html
北京大学,周利锋,https://www.coe.pku.edu.cn//teaching/all_time/12011.html
北京大学,周文灵,https://www.coe.pku.edu.cn//teaching/all_time/7271.html
北京大学,朱驰,https://www.coe.pku.edu.cn//teaching/all_time/10393.html
清华大学,白鹏鹏,https://www.me.tsinghua.edu.cn/info/1096/2260.htm
清华大学,柴智敏,https://www.me.tsinghua.edu.cn/info/1095/3160.htm
清华大学,陈高强,https://www.me.tsinghua.edu.cn/info/1105/2270.htm
清华大学,陈皓生,https://www.me.tsinghua.edu.cn/info/1094/2239.htm
清华大学,陈睿,https://www.me.tsinghua.edu.cn/info/1102/2920.htm
清华大学,陈新春,https://www.me.tsinghua.edu.cn/info/1095/2666.htm
清华大学,褚福磊,https://www.me.tsinghua.edu.cn/info/1091/2676.htm
清华大学,方永聪,https://www.me.tsinghua.edu.cn/info/1108/2951.htm
清华大学,韩勤锴,https://www.me.tsinghua.edu.cn/info/1092/2677.htm
清华大学,何强,https://www.me.tsinghua.edu.cn/info/1093/2928.htm
清华大学,何永勇,https://www.me.tsinghua.edu.cn/info/1094/1621.htm
清华大学,胡楚雄,https://www.me.tsinghua.edu.cn/info/1101/2037.htm
清华大学,胡可辉,https://www.me.tsinghua.edu.cn/info/1096/2725.htm
清华大学,黄利平,https://www.me.tsinghua.edu.cn/info/1098/1597.htm
清华大学,黄伟峰,https://www.me.tsinghua.edu.cn/info/1091/2899.htm
清华大学,李德才,https://www.me.tsinghua.edu.cn/info/1091/2421.htm
清华大学,李津津,https://www.me.tsinghua.edu.cn/info/1095/2367.htm
清华大学,李克俭,https://www.me.tsinghua.edu.cn/info/1107/2947.htm
清华大学,李培杰,https://www.me.tsinghua.edu.cn/info/1103/2675.htm
清华大学,李曙光,https://www.me.tsinghua.edu.cn/info/1098/2726.htm
清华大学,李永健,https://www.me.tsinghua.edu.cn/info/1092/2069.htm
清华大学,梁啸宇,https://www.me.tsinghua.edu.cn/info/1108/2949.htm
清华大学,刘欢,https://www.me.tsinghua.edu.cn/info/1096/3066.htm
清华大学,刘瞿,https://www.me.tsinghua.edu.cn/info/1108/2205.htm
清华大学,刘辛军,https://www.me.tsinghua.edu.cn/info/1097/1573.htm
清华大学,鲁森,https://www.me.tsinghua.edu.cn/info/1102/2263.htm
清华大学,路新春,https://www.me.tsinghua.edu.cn/info/1094/2678.htm
清华大学,雒建斌,https://www.me.tsinghua.edu.cn/info/1094/1635.htm
清华大学,吕志刚,https://www.me.tsinghua.edu.cn/info/1103/2468.htm
清华大学,马天宝,https://www.me.tsinghua.edu.cn/info/1094/2934.htm
清华大学,马原,https://www.me.tsinghua.edu.cn/info/1096/2258.htm
清华大学,孟永钢,https://www.me.tsinghua.edu.cn/info/1094/2681.htm
清华大学,欧阳礼亮,https://www.me.tsinghua.edu.cn/info/1107/3202.htm
清华大学,邵天敏,https://www.me.tsinghua.edu.cn/info/1094/2397.htm
清华大学,邵珠峰,https://www.me.tsinghua.edu.cn/info/1098/2383.htm
清华大学,盛选禹,https://www.me.tsinghua.edu.cn/info/1095/1545.htm
清华大学,宋宇,https://www.me.tsinghua.edu.cn/info/1108/1996.htm
清华大学,谭新峰,https://www.me.tsinghua.edu.cn/info/1096/3068.htm
清华大学,瞿体明,https://www.me.tsinghua.edu.cn/info/1104/2445.htm
清华大学,汪家道,https://www.me.tsinghua.edu.cn/info/1094/2683.htm
清华大学,王健健,https://www.me.tsinghua.edu.cn/info/1098/3154.htm
清华大学,汪劲松,https://www.me.tsinghua.edu.cn/info/1097/1575.htm
清华大学,王立平,https://www.me.tsinghua.edu.cn/info/1097/1579.htm
清华大学,王同庆,https://www.me.tsinghua.edu.cn/info/1095/2055.htm
清华大学,谢福贵,https://www.me.tsinghua.edu.cn/info/1098/2378.htm
清华大学,熊卓,https://www.me.tsinghua.edu.cn/info/1106/3002.htm
清华大学,闫剑锋,https://www.me.tsinghua.edu.cn/info/1104/2038.htm
清华大学,叶佩青,https://www.me.tsinghua.edu.cn/info/1097/2380.htm
清华大学,臧浠凝,https://www.me.tsinghua.edu.cn/info/1104/3156.htm
清华大学,张飞斌,https://www.me.tsinghua.edu.cn/info/1093/2266.htm
清华大学,张洪玉,https://www.me.tsinghua.edu.cn/info/1095/1549.htm
清华大学,张继文,https://www.me.tsinghua.edu.cn/info/1101/2109.htm
清华大学,张建富,https://www.me.tsinghua.edu.cn/info/1097/3149.htm
清华大学,张向军,https://www.me.tsinghua.edu.cn/info/1094/1555.htm
清华大学,张翔宇,https://www.me.tsinghua.edu.cn/info/1099/2480.htm
清华大学,赵沧,https://www.me.tsinghua.edu.cn/info/1107/3158.htm
清华大学,赵德文,https://www.me.tsinghua.edu.cn/info/1095/2436.htm
清华大学,赵海燕,https://www.me.tsinghua.edu.cn/info/1103/2418.htm
清华大学,赵慧婵,https://www.me.tsinghua.edu.cn/info/1098/2379.htm
清华大学,周梦然,https://www.me.tsinghua.edu.cn/info/1105/2646.htm
清华大学,朱志明,https://www.me.tsinghua.edu.cn/info/1106/2108.htm
清华大学,刘大猛,https://www.me.tsinghua.edu.cn/info/1095/1560.htm
清华大学,索双富,https://www.me.tsinghua.edu.cn/info/1092/1539.htm
清华大学,聂振国,https://www.me.tsinghua.edu.cn/info/1099/1571.htm
清华大学,王冬,https://www.me.tsinghua.edu.cn/info/1099/1569.htm
清华大学,杨开明,https://www.me.tsinghua.edu.cn/info/1100/3151.htm
清华大学,张晨辉,https://www.me.tsinghua.edu.cn/info/1094/1626.htm
清华大学,郝智秀,https://www.me.tsinghua.edu.cn/info/1092/1537.htm
清华大学,肖丽英,https://www.me.tsinghua.edu.cn/info/1092/1536.htm
清华大学,韩福柱,https://www.me.tsinghua.edu.cn/info/1097/1577.htm
清华大学,冯平法,https://www.me.tsinghua.edu.cn/info/1097/1576.htm
清华大学,马丽然,https://www.me.tsinghua.edu.cn/info/1095/1557.htm
清华大学,季林红,https://www.me.tsinghua.edu.cn/info/1091/1495.htm
清华大学,吴爱萍,https://www.me.tsinghua.edu.cn/info/1103/1614.htm
清华大学,单际国,https://www.me.tsinghua.edu.cn/info/1103/1612.htm
清华大学,郁鼎文,https://www.me.tsinghua.edu.cn/info/1097/1574.htm
清华大学,李铁民,https://www.me.tsinghua.edu.cn/info/1098/1592.htm
清华大学,潘国顺,https://www.me.tsinghua.edu.cn/info/1095/1556.htm
清华大学,宋彭,https://www.me.tsinghua.edu.cn/info/1105/1616.htm
清华大学,路益嘉,https://www.me.tsinghua.edu.cn/info/1093/1529.htm
清华大学,王磊杰,https://www.me.tsinghua.edu.cn/info/1102/1637.htm
清华大学,汪泽,https://www.me.tsinghua.edu.cn/info/1102/2731.htm
清华大学,陈磊,https://www.me.tsinghua.edu.cn/info/1096/1544.htm
清华大学,张琳,https://www.me.tsinghua.edu.cn/info/1096/1540.htm
清华大学,骆建彬,https://www.me.tsinghua.edu.cn/info/1107/1670.htm
清华大学,赵景山,https://www.me.tsinghua.edu.cn/info/1092/1535.htm
清华大学,贾晓红,https://www.me.tsinghua.edu.cn/info/1092/1534.htm
清华大学,刘宇宏,https://www.me.tsinghua.edu.cn/info/1095/1547.htm
清华大学,雷丽萍,https://www.me.tsinghua.edu.cn/info/1104/1609.htm
清华大学,尹文生,https://www.me.tsinghua.edu.cn/info/1101/1655.htm
清华大学,杨东超,https://www.me.tsinghua.edu.cn/info/1101/1624.htm
清华大学,韩赞东,https://www.me.tsinghua.edu.cn/info/1107/1668.htm
清华大学,常保华,https://www.me.tsinghua.edu.cn/info/1107/1663.htm
清华大学,孙振国,https://www.me.tsinghua.edu.cn/info/1107/1661.htm
清华大学,袁朝龙,https://www.me.tsinghua.edu.cn/info/1107/1653.htm
清华大学,吴任东,https://www.me.tsinghua.edu.cn/info/1107/1650.htm
清华大学,马庆贤,https://www.me.tsinghua.edu.cn/info/1106/1649.htm
清华大学,蔡志鹏,https://www.me.tsinghua.edu.cn/info/1106/1647.htm
清华大学,胡金春,https://www.me.tsinghua.edu.cn/info/1101/1619.htm
清华大学,邹贵生,https://www.me.tsinghua.edu.cn/info/1103/1608.htm
清华大学,王国磊,https://www.me.tsinghua.edu.cn/info/1101/1617.htm
清华大学,史清宇,https://www.me.tsinghua.edu.cn/info/1103/1606.htm
清华大学,杨名扬,https://www.me.tsinghua.edu.cn/info/1105/3200.htm
清华大学,叶伟楠,https://www.me.tsinghua.edu.cn/info/1102/3198.htm
清华大学,唐晓强,https://www.me.tsinghua.edu.cn/info/1097/1570.htm
清华大学,李学崑,https://www.me.tsinghua.edu.cn/info/1098/1581.htm
清华大学,吴志军,https://www.me.tsinghua.edu.cn/info/1097/1566.htm
清华大学,关立文,https://www.me.tsinghua.edu.cn/info/1097/1564.htm
清华大学,于广,https://www.me.tsinghua.edu.cn/info/1098/3194.htm
清华大学,李炳燃,https://www.me.tsinghua.edu.cn/info/1099/2727.htm
清华大学,李党国,https://www.me.tsinghua.edu.cn/info/1095/1542.htm
清华大学,商宏飞,https://www.me.tsinghua.edu.cn/info/1095/3191.htm
清华大学,解国新,https://www.me.tsinghua.edu.cn/info/1094/3004.htm
清华大学,邓雯丽,https://www.me.tsinghua.edu.cn/info/1096/3088.htm
清华大学,王人成,https://www.me.tsinghua.edu.cn/info/1092/1533.htm
清华大学,卢文秀,https://www.me.tsinghua.edu.cn/info/1092/1531.htm
清华大学,王子羲,https://www.me.tsinghua.edu.cn/info/1092/1526.htm
清华大学,秦朝烨,https://www.me.tsinghua.edu.cn/info/1092/1522.htm
清华大学,阎绍泽,https://www.me.tsinghua.edu.cn/info/1091/1494.htm
清华大学,晋立丛,https://www.me.tsinghua.edu.cn/info/1093/1521.htm
清华大学,王天杨,https://www.me.tsinghua.edu.cn/info/1092/3188.htm
清华大学,刘向锋,https://www.me.tsinghua.edu.cn/info/1091/1492.htm
清华大学,刘伟强,https://www.me.tsinghua.edu.cn/info/1091/1491.htm
